state,city_slug,snapshot_title,average_rent,average_rent_direction,average_rent_label,availability_rate,availability_direction,availability_label,market_trend,market_trend_direction,market_trend_label,notable_areas,notable_areas_label,summary,rent_note,availability_note,tenant_takeaway
CA,san-francisco,Office Market Snapshot,$65–$85/SF/YR,down,Typical office asking rent,Elevated supply,up,Tenant-favorable availability,Tenant-favorable market,flat,More options and negotiating flexibility,Financial District|SoMa|Mission Bay|Jackson Square,Common tenant search areas,"San Francisco remains one of the Bay Area's most important office, retail, and innovation markets. Tenants often compare downtown, SoMa, Mission Bay, and nearby East Bay markets when evaluating pricing, commute access, and building quality.","Office rents vary significantly by building class, neighborhood, size, and lease structure.","Availability remains elevated compared with pre-2020 levels, giving tenants more negotiating room in many submarkets.","Tenants should compare neighborhoods carefully and pay close attention to total occupancy cost, concession packages, commute patterns, and building quality."
NY,new-york,Office Market Snapshot,$75–$90/SF/YR,up,Typical Manhattan asking rent,Tightening supply,down,Improving availability in prime areas,Selective landlord-favorable market,up,Strong demand for high-quality space,Midtown|Flatiron|SoHo|Financial District,Common tenant search areas,"New York remains one of the strongest and most competitive office markets in the country. Tenants often compare Midtown, Flatiron, SoHo, and Downtown depending on budget, commute access, brand, and building quality.","Office rents vary widely by neighborhood, building class, floor height, and lease structure.","Prime buildings have tightened more quickly than commodity office space, so availability can feel very different by submarket.","Tenants should compare building quality, concessions, commute access, and long-term flexibility before choosing a location."
CA,los-angeles,Office Market Snapshot,$48–$65/SF/YR,flat,Typical office asking rent,Elevated supply,up,More options across many submarkets,Tenant-favorable market,flat,Good options but highly submarket-specific,Downtown LA|West LA|Hollywood|Culver City,Common tenant search areas,"Los Angeles is a broad, highly segmented office market where pricing and availability vary significantly by submarket. Tenants often compare Downtown, West LA, Hollywood, and Culver City based on commute patterns, customer access, and brand fit.","Office rents are often quoted monthly in Los Angeles and can vary substantially between Downtown, Westside, and entertainment-focused submarkets.","Availability remains elevated in many parts of the market, giving tenants room to compare options and negotiate terms.","Tenants should focus on commute patterns, parking, building quality, and the specific submarket that best supports their team or customer base."
IL,chicago,Office Market Snapshot,$40–$50/SF/YR,flat,Typical downtown asking rent,Elevated supply,flat,Tenant choice remains broad,Stabilizing market,flat,Concessions remain important,The Loop|River North|West Loop|Fulton Market,Common tenant search areas,"Chicago remains a major office market with strong transit access and a deep inventory of downtown buildings. Tenants often compare The Loop, River North, West Loop, and Fulton Market based on image, amenities, access, and cost.","Asking rents can remain stable even when landlords compete through concessions, improvement allowances, and flexible deal terms.","Availability remains elevated, but better-located and amenity-rich buildings can perform differently from older commodity space.","Tenants should compare effective rent, concessions, transit access, and building quality rather than focusing only on headline asking rent."
FL,miami,Office Market Snapshot,$60–$72/SF/YR,up,Typical office asking rent,Balanced supply,down,Stronger demand than many peer markets,Landlord-favorable market,up,Premium space remains competitive,Brickell|Downtown Miami|Wynwood|Coral Gables,Common tenant search areas,"Miami continues to attract office demand from finance, professional services, technology, and firms seeking a South Florida presence. Tenants often compare Brickell, Downtown, Wynwood, and Coral Gables based on image, access, and client proximity.","Premium Miami office space can command materially higher rents, especially in top buildings and core submarkets.","Availability is generally more balanced than in many large U.S. office markets, especially for high-quality space.","Tenants should move carefully but be prepared to act quickly on well-located, high-quality options."
TX,austin,Office Market Snapshot,$40–$55/SF/YR,down,Typical office asking rent,Elevated supply,up,More choices after recent growth cycle,Tenant-favorable market,flat,More options and negotiating flexibility,Downtown|The Domain|East Austin|South Congress,Common tenant search areas,"Austin remains a major growth market, but recent office supply and changing workplace patterns have created more options for tenants. Companies often compare Downtown, The Domain, East Austin, and South Congress based on talent access, amenities, and budget.","Office rents vary widely between central Austin, newer amenity-rich projects, and more value-oriented submarkets.","Elevated availability can create opportunities for tenants seeking better locations, improved terms, or upgraded space.","Tenants should compare total occupancy cost, parking, commute patterns, and flexibility before committing."
CO,denver,Office Market Snapshot,$38–$45/SF/YR,flat,Typical office asking rent,Elevated supply,flat,Tenant choice remains broad,Stabilizing market,flat,Gradual recovery with selective demand,Downtown Denver|LoDo|Cherry Creek|Denver Tech Center,Common tenant search areas,"Denver offers a mix of downtown, neighborhood, and suburban office options. Tenants often compare Downtown, LoDo, Cherry Creek, and the Denver Tech Center based on commute access, amenities, parking, and total cost.","Asking rents can vary significantly between downtown towers, boutique neighborhood space, and suburban office buildings.","Availability remains elevated in many parts of the market, though demand is more selective for well-located and upgraded buildings.","Tenants should compare central and suburban options carefully, especially around parking, commute patterns, and concession packages."
WA,seattle,Office Market Snapshot,$45–$55/SF/YR,flat,Typical office asking rent,Elevated supply,up,Large-block availability remains meaningful,Tenant-favorable market,flat,More options in core office submarkets,Downtown Seattle|South Lake Union|Capitol Hill|Belltown,Common tenant search areas,"Seattle remains a major technology and business market, but office availability is elevated in several core areas. Tenants often compare Downtown, South Lake Union, Capitol Hill, and nearby Eastside alternatives based on workforce access and building quality.","Asking rents remain supported by newer and higher-quality buildings, even as availability is elevated in parts of the market.","Tenants may find more negotiating flexibility, especially in larger blocks or older buildings.","Tenants should compare Seattle options against Bellevue and other Eastside markets when evaluating access, cost, and employee preferences."
TX,dallas,Office Market Snapshot,$28–$36/SF/YR,up,Typical office asking rent,Elevated but improving supply,down,Prime buildings performing better,Mixed but improving market,up,Stronger demand for quality space,Uptown|Downtown Dallas|Turtle Creek|Las Colinas,Common tenant search areas,"Dallas offers a broad office market with many options across urban and suburban submarkets. Tenants often compare Uptown, Downtown Dallas, Turtle Creek, and Las Colinas based on commute access, parking, amenities, and value.","Asking rents vary significantly between Class A, suburban, and value-oriented buildings.","Overall availability remains elevated, but higher-quality buildings have shown stronger leasing activity.","Tenants should compare building quality, parking, concessions, and commute patterns across both Dallas and broader DFW options."
CA,oakland,Office Market Snapshot,$40–$48/SF/YR,flat,Typical office asking rent,Elevated supply,flat,Tenant options remain available,Tenant-favorable market,flat,Value alternative to San Francisco,Downtown Oakland|Uptown|Jack London Square|Temescal,Common tenant search areas,"Oakland can be an attractive alternative for tenants comparing Bay Area access, transit, and relative value. Tenants often compare Downtown Oakland, Uptown, Jack London Square, and nearby East Bay markets against San Francisco options.","Office rents are generally lower than San Francisco but vary by building quality, transit access, and neighborhood.","Availability remains elevated enough to give tenants options, especially when comparing Oakland with nearby East Bay and San Francisco markets.","Tenants should compare Oakland on access, employee commute patterns, parking, and overall value relative to San Francisco."
CA,san-jose,Office Market Snapshot,$58–$68/SF/YR,up,Typical Silicon Valley asking rent,Balanced to elevated supply,down,Improving demand in quality buildings,Selective growth market,up,Tech and AI demand supporting activity,Downtown San Jose|North San Jose|Santana Row|South San Jose,Common tenant search areas,"San Jose sits within the broader Silicon Valley office market, where technology, AI, and innovation tenants continue to shape demand. Tenants often compare Downtown San Jose, North San Jose, Santana Row, and nearby Silicon Valley markets based on talent access, commute patterns, and building quality.","Office rents vary widely across Silicon Valley depending on building quality, location, and proximity to major technology employers.","Availability is more balanced than in some large coastal markets, with better-quality buildings seeing stronger tenant interest.","Tenants should compare San Jose with nearby Silicon Valley submarkets and pay close attention to commute patterns, parking, and long-term flexibility."
MA,boston,Office Market Snapshot,$55-$75/SF/YR,flat,Typical office asking rent,Moderate,up,Increasing availability,Tenant-favorable,flat,More flexibility in leasing terms,Back Bay|Seaport|Financial District|Cambridge,Common tenant search areas,Strong life sciences demand alongside soft traditional office.,Class A rents holding while concessions increase.,More sublease space entering the market.,Tenants have leverage on deal structure and concessions.
PA,philadelphia,Office Market Snapshot,$30-$45/SF/YR,flat,Typical office asking rent,Elevated,up,Above historical averages,Tenant-favorable,flat,Flexible lease structures available,Center City|University City|Navy Yard,Common tenant search areas,Stable pricing with increased availability downtown.,Rents steady but incentives improving.,Vacancy driven by large tenant consolidations.,Good time to negotiate favorable lease terms.
DC,washington-dc,Office Market Snapshot,$50-$70/SF/YR,down,Softening top-end rents,Elevated,up,High availability across submarkets,Tenant-favorable,flat,Tenants gaining negotiating power,DC Downtown|Dupont Circle|NoMa|Capitol Hill,Common tenant search areas,Government demand stable but private sector downsizing.,Premium assets holding value better.,Older inventory seeing higher vacancy.,Tenants can trade up into better buildings.
GA,atlanta,Office Market Snapshot,$30-$45/SF/YR,flat,Typical office asking rent,Elevated,up,More options across submarkets,Tenant-favorable,flat,Increased flexibility for tenants,Midtown|Buckhead|Downtown,Common tenant search areas,Newer supply adding to availability.,Rents stable with concessions.,Flight to quality continues.,Tenants have broader choice and negotiating room.
NC,charlotte,Office Market Snapshot,$35-$50/SF/YR,flat,Typical office asking rent,Moderate,up,Slightly rising availability,Balanced,flat,Steady leasing environment,South End|Uptown|Ballantyne,Common tenant search areas,Growth market with steady demand.,New construction influencing pricing.,Availability rising gradually.,Tenants can secure favorable terms in newer buildings.
TN,nashville,Office Market Snapshot,$35-$55/SF/YR,up,Gradual rent growth,Moderate,up,New supply increasing availability,Balanced,flat,Stable tenant demand,Downtown|The Gulch|Midtown,Common tenant search areas,Strong population growth supporting demand.,Premium assets pushing rents upward.,Supply keeping pace with demand.,Tenants still have options despite growth.
NC,raleigh,Office Market Snapshot,$30-$45/SF/YR,up,Gradual rent growth,Moderate,up,Increasing availability,Balanced,flat,Steady leasing conditions,Downtown|North Hills|Research Triangle Park,Common tenant search areas,Tech and life sciences driving demand.,Rents trending upward slowly.,New developments adding supply.,Tenants have balanced negotiating power.
FL,orlando,Office Market Snapshot,$25-$40/SF/YR,flat,Typical office asking rent,Elevated,up,More space options available,Tenant-favorable,flat,Greater flexibility in deals,Downtown|Lake Mary|Tourist Corridor,Common tenant search areas,Tourism economy influencing office demand.,Rents stable across submarkets.,Vacancy elevated post-pandemic.,Tenants can negotiate incentives and rent reductions.
FL,tampa,Office Market Snapshot,$30-$45/SF/YR,flat,Typical office asking rent,Moderate,up,Slightly rising availability,Balanced,flat,Steady tenant demand,Downtown|Westshore|Channelside,Common tenant search areas,Continued population growth supports demand.,Rents holding steady.,Availability increasing moderately.,Tenants have moderate leverage.
FL,fort-lauderdale,Office Market Snapshot,$35-$50/SF/YR,up,Gradual rent growth,Moderate,up,Increasing availability,Balanced,flat,Stable leasing environment,Downtown|Las Olas|Cypress Creek,Common tenant search areas,Migration trends boosting demand.,Premium spaces seeing rent growth.,More inventory coming online.,Tenants have growing options.
AZ,phoenix,Office Market Snapshot,$25-$40/SF/YR,flat,Typical office asking rent,Elevated,up,High availability,Tenant-favorable,flat,Flexible leasing terms available,Downtown|Scottsdale|Tempe,Common tenant search areas,Large supply additions impacting vacancy.,Rents stable with incentives.,Sublease inventory elevated.,Tenants can secure aggressive concessions.
AZ,scottsdale,Office Market Snapshot,$35-$55/SF/YR,flat,Typical office asking rent,Moderate,up,More space options,Balanced,flat,Stable demand for premium space,Old Town|Airpark|North Scottsdale,Common tenant search areas,Strong appeal for high-end office.,Premium rents holding.,Availability increasing slightly.,Tenants can upgrade to better space.
NV,las-vegas,Office Market Snapshot,$25-$35/SF/YR,flat,Typical office asking rent,Elevated,up,Above average availability,Tenant-favorable,flat,Flexible lease structures,Downtown|Summerlin|Henderson,Common tenant search areas,Local demand steady but cautious.,Rents stable.,Vacancy elevated.,Tenants benefit from lower pricing.
UT,salt-lake-city,Office Market Snapshot,$30-$45/SF/YR,up,Gradual rent growth,Moderate,up,New supply increasing availability,Balanced,flat,Healthy tenant demand,Downtown|Sugar House|Lehi,Common tenant search areas,Strong economic fundamentals.,Rents rising slowly.,Supply keeping pace.,Tenants still have options.
OR,portland,Office Market Snapshot,$30-$45/SF/YR,down,Softening rents,Elevated,up,High availability,Tenant-favorable,flat,Significant tenant leverage,Downtown|Pearl District|Beaverton,Common tenant search areas,Urban core demand weakened.,Rents adjusting downward.,High vacancy persists.,Tenants can negotiate aggressively.
CA,sacramento,Office Market Snapshot,$25-$35/SF/YR,flat,Typical office asking rent,Moderate,up,Increasing availability,Balanced,flat,Stable leasing conditions,Downtown|Natomas|Roseville,Common tenant search areas,Government demand supports market.,Rents stable.,Availability increasing.,Tenants have moderate flexibility.
CA,san-diego,Office Market Snapshot,$40-$60/SF/YR,flat,Typical office asking rent,Moderate,up,More options emerging,Balanced,flat,Steady tenant demand,La Jolla|Downtown|Sorrento Valley,Common tenant search areas,Life sciences driving demand.,Premium assets holding rents.,Availability rising slowly.,Tenants have balanced options.
CA,irvine,Office Market Snapshot,$40-$65/SF/YR,flat,Typical office asking rent,Moderate,up,Increasing availability,Balanced,flat,Stable tenant demand,Irvine Spectrum|Airport Area|Newport,Common tenant search areas,High-quality inventory dominates.,Rents steady.,More availability emerging.,Tenants can access premium buildings.
CA,palo-alto,Office Market Snapshot,$80-$120/SF/YR,flat,Premium office rents,Moderate,up,Slightly rising availability,Balanced,flat,Tech-driven demand,Downtown|Stanford Research Park,Common tenant search areas,Top-tier market with high pricing.,Rents remain elevated.,Availability increasing slightly.,Tenants still face premium pricing.
CA,santa-clara,Office Market Snapshot,$50-$75/SF/YR,down,Softening rents,Elevated,up,High availability,Tenant-favorable,flat,Tech slowdown impacting demand,North Santa Clara|Sunnyvale|Cupertino,Common tenant search areas,Tech sector contraction affecting demand.,Rents declining slightly.,Vacancy elevated.,Tenants have strong leverage.
TX,houston,Office Market Snapshot,$25-$40/SF/YR,down,Softening rents,Elevated,up,High vacancy,Tenant-favorable,flat,Flexible lease terms,Energy Corridor|Downtown|Galleria,Common tenant search areas,Energy sector volatility impacting demand.,Rents declining slightly.,High vacancy persists.,Tenants can negotiate aggressively.
TX,san-antonio,Office Market Snapshot,$20-$30/SF/YR,flat,Typical office asking rent,Moderate,up,Increasing availability,Balanced,flat,Stable local demand,Downtown|Northwest|Airport Area,Common tenant search areas,Local businesses driving demand.,Rents stable.,Availability rising.,Tenants have moderate flexibility.
TX,fort-worth,Office Market Snapshot,$25-$35/SF/YR,flat,Typical office asking rent,Moderate,up,Slightly rising availability,Balanced,flat,Steady leasing activity,Downtown|Alliance|Cultural District,Common tenant search areas,Spillover from Dallas market.,Rents stable.,Availability increasing.,Tenants have balanced options.
TX,plano,Office Market Snapshot,$30-$45/SF/YR,flat,Typical office asking rent,Moderate,up,More space options,Balanced,flat,Stable tenant demand,Legacy West|Granite Park|Frisco border,Common tenant search areas,Corporate relocations supporting demand.,Rents stable.,Availability rising.,Tenants have options in newer space.
TX,frisco,Office Market Snapshot,$30-$50/SF/YR,up,Gradual rent growth,Moderate,up,New supply increasing availability,Balanced,flat,Strong growth market,The Star|Frisco Square|Legacy North,Common tenant search areas,Rapid growth area with new developments.,Rents rising slowly.,Supply increasing.,Tenants still have choices.
MN,minneapolis,Office Market Snapshot,$25-$40/SF/YR,down,Softening rents,Elevated,up,High availability,Tenant-favorable,flat,Flexible leasing conditions,Downtown|North Loop|Bloomington,Common tenant search areas,Corporate downsizing impacting demand.,Rents declining slightly in older buildings.,Vacancy elevated across downtown.,Tenants can negotiate favorable lease terms.
MI,detroit,Office Market Snapshot,$20-$30/SF/YR,flat,Typical office asking rent,Elevated,up,Above average availability,Tenant-favorable,flat,Increased tenant flexibility,Downtown|Midtown|Southfield,Common tenant search areas,Revitalization continues but office demand uneven.,Rents stable.,Vacancy remains elevated.,Tenants benefit from competitive pricing.
OH,cleveland,Office Market Snapshot,$18-$28/SF/YR,flat,Typical office asking rent,Elevated,up,High availability,Tenant-favorable,flat,Flexible leasing terms,Downtown|University Circle|Beachwood,Common tenant search areas,Stable but slow office demand.,Rents steady.,Availability elevated.,Tenants have strong negotiating leverage.
OH,columbus,Office Market Snapshot,$25-$35/SF/YR,up,Gradual rent growth,Moderate,up,Increasing availability,Balanced,flat,Steady tenant demand,Downtown|Short North|Easton,Common tenant search areas,Growing tech and education sectors.,Rents trending upward.,Supply expanding.,Tenants have balanced options.
IN,indianapolis,Office Market Snapshot,$20-$30/SF/YR,flat,Typical office asking rent,Moderate,up,Increasing availability,Balanced,flat,Stable leasing conditions,Downtown|Keystone|Carmel,Common tenant search areas,Stable local demand.,Rents steady.,Availability rising moderately.,Tenants have moderate flexibility.
OH,cincinnati,Office Market Snapshot,$20-$32/SF/YR,flat,Typical office asking rent,Elevated,up,Above average availability,Tenant-favorable,flat,Flexible leasing terms,Downtown|Over-the-Rhine|Blue Ash,Common tenant search areas,Corporate footprint reductions impacting demand.,Rents stable.,Vacancy elevated.,Tenants can negotiate aggressively.
PA,pittsburgh,Office Market Snapshot,$25-$40/SF/YR,down,Softening rents,Elevated,up,High availability,Tenant-favorable,flat,More tenant leverage,Downtown|Oakland|Strip District,Common tenant search areas,Tech and healthcare offset office softness.,Rents declining slightly.,Availability remains high.,Tenants have strong negotiating power.
MD,baltimore,Office Market Snapshot,$25-$38/SF/YR,flat,Typical office asking rent,Elevated,up,Above average availability,Tenant-favorable,flat,Flexible leasing conditions,Downtown|Harbor East|Columbia,Common tenant search areas,Government and healthcare anchor demand.,Rents stable.,Vacancy elevated.,Tenants can secure incentives.
VA,arlington,Office Market Snapshot,$45-$65/SF/YR,flat,Typical office asking rent,Elevated,up,High availability,Tenant-favorable,flat,Tenants gaining leverage,Rosslyn|Ballston|Crystal City,Common tenant search areas,Federal demand steady but private sector softer.,Rents stable.,Vacancy elevated.,Tenants can upgrade locations.
VA,alexandria,Office Market Snapshot,$40-$60/SF/YR,flat,Typical office asking rent,Moderate,up,Increasing availability,Balanced,flat,Stable leasing conditions,Old Town|Potomac Yard|Eisenhower,Common tenant search areas,Proximity to DC supports demand.,Rents steady.,Availability rising.,Tenants have moderate leverage.
WA,bellevue,Office Market Snapshot,$45-$70/SF/YR,down,Softening rents,Elevated,up,High availability,Tenant-favorable,flat,Tech slowdown impacting demand,Downtown|Spring District|Factoria,Common tenant search areas,Tech sector contraction impacting leasing.,Rents declining slightly.,Vacancy elevated.,Tenants have strong negotiating power.
OR,portland-or,Office Market Snapshot,$30-$45/SF/YR,down,Softening rents,Elevated,up,High availability,Tenant-favorable,flat,Significant tenant leverage,Downtown|Pearl District|Beaverton,Common tenant search areas,Urban core demand weakened.,Rents adjusting downward.,High vacancy persists.,Tenants can negotiate aggressively.
ID,boise,Office Market Snapshot,$25-$38/SF/YR,up,Gradual rent growth,Moderate,up,Increasing availability,Balanced,flat,Growing tenant demand,Downtown|Meridian|Eagle,Common tenant search areas,Population growth supporting demand.,Rents trending upward.,Supply increasing.,Tenants still have options.
MO,kansas-city,Office Market Snapshot,$20-$32/SF/YR,flat,Typical office asking rent,Elevated,up,Above average availability,Tenant-favorable,flat,Flexible leasing terms,Downtown|Plaza|Overland Park,Common tenant search areas,Corporate downsizing impacting demand.,Rents stable.,Vacancy elevated.,Tenants can negotiate favorable terms.
MO,st-louis,Office Market Snapshot,$18-$30/SF/YR,flat,Typical office asking rent,Elevated,up,High availability,Tenant-favorable,flat,More tenant leverage,Downtown|Clayton|Chesterfield,Common tenant search areas,Slow recovery in office demand.,Rents stable.,Vacancy elevated.,Tenants have strong negotiating leverage.
WI,milwaukee,Office Market Snapshot,$20-$30/SF/YR,flat,Typical office asking rent,Elevated,up,Above average availability,Tenant-favorable,flat,Flexible leasing environment,Downtown|Third Ward|Wauwatosa,Common tenant search areas,Stable but slow office demand.,Rents steady.,Availability elevated.,Tenants can secure incentives.
WI,madison,Office Market Snapshot,$25-$40/SF/YR,up,Gradual rent growth,Moderate,up,Increasing availability,Balanced,flat,Strong tenant demand,Downtown|University|West Side,Common tenant search areas,Tech and university-driven demand.,Rents rising gradually.,Supply expanding.,Tenants have balanced options.
SC,charleston,Office Market Snapshot,$28-$42/SF/YR,up,Gradual rent growth,Moderate,up,Increasing availability,Balanced,flat,Strong growth market,Downtown|Mount Pleasant|North Charleston,Common tenant search areas,Population growth supporting demand.,Rents trending upward.,Supply increasing.,Tenants still have choices.
FL,jacksonville,Office Market Snapshot,$22-$35/SF/YR,flat,Typical office asking rent,Moderate,up,Increasing availability,Balanced,flat,Stable leasing conditions,Downtown|Southside|Deerwood,Common tenant search areas,Local business demand steady.,Rents stable.,Availability rising.,Tenants have moderate flexibility.
AL,birmingham,Office Market Snapshot,$18-$28/SF/YR,flat,Typical office asking rent,Moderate,up,Increasing availability,Balanced,flat,Stable local demand,Downtown|Homewood|Hoover,Common tenant search areas,Healthcare and local businesses drive demand.,Rents stable.,Availability rising.,Tenants have moderate leverage.
LA,new-orleans,Office Market Snapshot,$20-$32/SF/YR,flat,Typical office asking rent,Elevated,up,Above average availability,Tenant-favorable,flat,Flexible leasing terms,CBD|Warehouse District|Metairie,Common tenant search areas,Tourism economy impacting office demand.,Rents stable.,Vacancy elevated.,Tenants can negotiate incentives.
TN,memphis,Office Market Snapshot,$18-$28/SF/YR,flat,Typical office asking rent,Elevated,up,High availability,Tenant-favorable,flat,More tenant flexibility,Downtown|East Memphis|Germantown,Common tenant search areas,Logistics sector supports some demand.,Rents stable.,Vacancy elevated.,Tenants have strong negotiating leverage.
KY,louisville,Office Market Snapshot,$20-$30/SF/YR,flat,Typical office asking rent,Moderate,up,Increasing availability,Balanced,flat,Stable leasing conditions,Downtown|East End|St Matthews,Common tenant search areas,Local demand stable.,Rents steady.,Availability rising.,Tenants have moderate flexibility.
OK,oklahoma-city,Office Market Snapshot,$18-$28/SF/YR,flat,Typical office asking rent,Moderate,up,Increasing availability,Balanced,flat,Stable demand,Downtown|Bricktown|North OKC,Common tenant search areas,Energy sector influences demand.,Rents stable.,Availability rising.,Tenants have moderate leverage.
OK,tulsa,Office Market Snapshot,$18-$28/SF/YR,flat,Typical office asking rent,Elevated,up,Above average availability,Tenant-favorable,flat,Flexible leasing terms,Downtown|Midtown|South Tulsa,Common tenant search areas,Stable but soft office demand.,Rents steady.,Vacancy elevated.,Tenants can negotiate aggressively.
NY,brooklyn,Office Market Snapshot,$45-$70/SF/YR,flat,Typical office asking rent,Moderate,up,Increasing availability,Balanced,flat,Steady demand in creative sectors,DUMBO|Williamsburg|Downtown Brooklyn,Common tenant search areas,Brooklyn continues to attract creative and tech tenants seeking alternatives to Manhattan.,Rents vary widely by building quality and proximity to transit.,Availability has increased slightly in newer developments.,Tenants can find quality space with better flexibility than Manhattan.
NJ,jersey-city,Office Market Snapshot,$45-$65/SF/YR,flat,Typical office asking rent,Moderate,up,Increasing availability,Balanced,flat,Steady tenant demand,Exchange Place|Newport|Journal Square,Common tenant search areas,Jersey City serves as a lower-cost alternative to Manhattan with strong transit access.,Rents remain competitive relative to New York City.,Availability is rising modestly.,Tenants can access Class A space at lower costs than Manhattan.
CO,denver,Office Market Snapshot,$30-$45/SF/YR,down,Softening rents,Elevated,up,High availability,Tenant-favorable,flat,More tenant leverage,Downtown|LoDo|Cherry Creek,Common tenant search areas,Remote work trends continue to impact downtown demand.,Rents are declining slightly in older buildings.,Vacancy remains elevated.,Tenants can negotiate aggressively in many submarkets.
NM,albuquerque,Office Market Snapshot,$18-$28/SF/YR,flat,Typical office asking rent,Moderate,up,Increasing availability,Balanced,flat,Stable local demand,Downtown|Uptown|North Valley,Common tenant search areas,Government and local business demand drive the market.,Rents remain stable.,Availability is gradually increasing.,Tenants have moderate negotiating flexibility.
NV,reno,Office Market Snapshot,$22-$35/SF/YR,up,Gradual rent growth,Moderate,up,Increasing availability,Balanced,flat,Growing tenant demand,Downtown|South Reno|Midtown,Common tenant search areas,Population growth is supporting office demand.,Rents trending upward.,New supply entering the market.,Tenants still have choices in newer buildings.
CA,fresno,Office Market Snapshot,$18-$28/SF/YR,flat,Typical office asking rent,Moderate,up,Increasing availability,Balanced,flat,Stable demand,Downtown|Fig Garden|North Fresno,Common tenant search areas,Local demand is steady across professional services.,Rents remain stable.,Availability is increasing slightly.,Tenants have moderate flexibility.
CA,bakersfield,Office Market Snapshot,$18-$28/SF/YR,flat,Typical office asking rent,Moderate,up,Increasing availability,Balanced,flat,Stable local demand,Downtown|Rosedale|Southwest,Common tenant search areas,Energy sector influences office demand.,Rents stable.,Availability rising modestly.,Tenants can negotiate moderate concessions.
CA,stockton,Office Market Snapshot,$18-$28/SF/YR,flat,Typical office asking rent,Moderate,up,Increasing availability,Balanced,flat,Stable leasing conditions,Downtown|Lincoln Center|Brookside,Common tenant search areas,Affordable alternative to Bay Area markets.,Rents steady.,Availability gradually increasing.,Tenants have balanced options.
CA,modesto,Office Market Snapshot,$18-$28/SF/YR,flat,Typical office asking rent,Moderate,up,Increasing availability,Balanced,flat,Stable demand,Downtown|McHenry Village|Salida,Common tenant search areas,Local business demand drives the market.,Rents stable.,Availability rising.,Tenants have moderate leverage.
WA,spokane,Office Market Snapshot,$18-$30/SF/YR,flat,Typical office asking rent,Moderate,up,Increasing availability,Balanced,flat,Stable tenant demand,Downtown|Spokane Valley|North Spokane,Common tenant search areas,Regional hub with steady demand.,Rents stable.,Availability increasing slightly.,Tenants have moderate flexibility.
MT,bozeman,Office Market Snapshot,$25-$40/SF/YR,up,Gradual rent growth,Moderate,up,Increasing availability,Balanced,flat,Growing tenant demand,Downtown|North Bozeman|Four Corners,Common tenant search areas,Rapid population growth supporting demand.,Rents trending upward.,Supply expanding.,Tenants still have options.
WY,cheyenne,Office Market Snapshot,$18-$28/SF/YR,flat,Typical office asking rent,Moderate,up,Increasing availability,Balanced,flat,Stable local demand,Downtown|Capitol District|South Cheyenne,Common tenant search areas,Government and local services drive demand.,Rents stable.,Availability rising.,Tenants have moderate flexibility.
NE,omaha,Office Market Snapshot,$20-$32/SF/YR,flat,Typical office asking rent,Moderate,up,Increasing availability,Balanced,flat,Stable leasing conditions,Downtown|West Omaha|Midtown,Common tenant search areas,Corporate presence supports steady demand.,Rents stable.,Availability increasing.,Tenants have moderate leverage.
IA,des-moines,Office Market Snapshot,$20-$32/SF/YR,flat,Typical office asking rent,Moderate,up,Increasing availability,Balanced,flat,Stable demand,Downtown|West Des Moines|Ankeny,Common tenant search areas,Insurance and finance sectors support demand.,Rents stable.,Availability rising.,Tenants have moderate flexibility.
KS,wichita,Office Market Snapshot,$18-$28/SF/YR,flat,Typical office asking rent,Moderate,up,Increasing availability,Balanced,flat,Stable leasing conditions,Downtown|East Wichita|West Wichita,Common tenant search areas,Aerospace and manufacturing influence demand.,Rents stable.,Availability increasing.,Tenants have moderate leverage.
AR,little-rock,Office Market Snapshot,$18-$28/SF/YR,flat,Typical office asking rent,Moderate,up,Increasing availability,Balanced,flat,Stable local demand,Downtown|West Little Rock|Riverdale,Common tenant search areas,Government and healthcare drive demand.,Rents stable.,Availability rising.,Tenants have moderate flexibility.
MS,jackson,Office Market Snapshot,$18-$28/SF/YR,flat,Typical office asking rent,Elevated,up,Above average availability,Tenant-favorable,flat,Flexible leasing terms,Downtown|Ridgeland|Flowood,Common tenant search areas,Office demand remains soft.,Rents stable.,Vacancy elevated.,Tenants can negotiate aggressively.
LA,baton-rouge,Office Market Snapshot,$20-$32/SF/YR,flat,Typical office asking rent,Moderate,up,Increasing availability,Balanced,flat,Stable demand,Downtown|Perkins Rowe|Bluebonnet,Common tenant search areas,Government and university demand support market.,Rents stable.,Availability rising.,Tenants have moderate flexibility.
AL,montgomery,Office Market Snapshot,$18-$28/SF/YR,flat,Typical office asking rent,Moderate,up,Increasing availability,Balanced,flat,Stable leasing conditions,Downtown|East Montgomery|Prattville,Common tenant search areas,Government presence supports demand.,Rents stable.,Availability increasing.,Tenants have moderate leverage.
GA,savannah,Office Market Snapshot,$22-$35/SF/YR,up,Gradual rent growth,Moderate,up,Increasing availability,Balanced,flat,Growing tenant demand,Downtown|Midtown|Pooler,Common tenant search areas,Port growth supports local economy.,Rents trending upward.,Supply increasing.,Tenants still have options.
SC,greenville,Office Market Snapshot,$25-$38/SF/YR,up,Gradual rent growth,Moderate,up,Increasing availability,Balanced,flat,Strong local demand,Downtown|Haywood Road|Greer,Common tenant search areas,Manufacturing and tech growth supporting demand.,Rents rising gradually.,Availability increasing.,Tenants have balanced options.
NC,wilmington,Office Market Snapshot,$25-$38/SF/YR,up,Gradual rent growth,Moderate,up,Increasing availability,Balanced,flat,Growing tenant demand,Downtown|Mayfaire|Midtown,Common tenant search areas,Population growth supporting demand.,Rents trending upward.,Supply expanding.,Tenants still have flexibility.
VA,richmond,Office Market Snapshot,$25-$40/SF/YR,flat,Typical office asking rent,Moderate,up,Increasing availability,Balanced,flat,Stable demand,Downtown|Shockoe Bottom|Short Pump,Common tenant search areas,Government and finance anchor demand.,Rents stable.,Availability rising.,Tenants have moderate leverage.
WV,charleston-wv,Office Market Snapshot,$18-$28/SF/YR,flat,Typical office asking rent,Elevated,up,Above average availability,Tenant-favorable,flat,Flexible leasing terms,Downtown|Kanawha City|South Charleston,Common tenant search areas,Local demand remains soft.,Rents stable.,Vacancy elevated.,Tenants can negotiate aggressively.
AK,anchorage,Office Market Snapshot,$30–$55/SF/YR,flat,Typical office asking rent,Balanced supply,flat,Options vary by building quality and submarket,Stabilizing market,flat,"Tenants should compare location, cost, and flexibility",Downtown Anchorage|Business district|Main commercial corridors,Common tenant search areas,"Anchorage tenants can use this draft snapshot to compare office options by location, building quality, access, and lease flexibility across the market.","Office rents should be reviewed by building class, location, size, and lease structure before publication.",Availability should be verified against current local market conditions because options can vary meaningfully by building and submarket.,"Tenants should compare total occupancy cost, commute patterns, building quality, and flexibility before choosing a location."
AL,athens,Office Market Snapshot,$20–$40/SF/YR,flat,Typical office asking rent,Balanced,flat,Local options should be verified before a search,Stable local demand,flat,Practical fit matters more than headline market trends,Downtown Athens|Main commercial corridors,Common tenant search areas,"Athens tenants should verify current office options by location, building condition, and lease flexibility.",Office rent ranges should be confirmed before publication.,Current availability should be verified before making search decisions.,"Tenants should confirm pricing, availability, and location fit before moving forward."
AL,daphne,Office Market Snapshot,$30–$55/SF/YR,flat,Typical office asking rent,Balanced supply,flat,Options vary by building quality and submarket,Stabilizing market,flat,"Tenants should compare location, cost, and flexibility",Downtown Daphne|Business district|Main commercial corridors,Common tenant search areas,"Daphne tenants can use this draft snapshot to compare office options by location, building quality, access, and lease flexibility across the market.","Office rents should be reviewed by building class, location, size, and lease structure before publication.",Availability should be verified against current local market conditions because options can vary meaningfully by building and submarket.,"Tenants should compare total occupancy cost, commute patterns, building quality, and flexibility before choosing a location."
AL,decatur,Office Market Snapshot,$30–$55/SF/YR,flat,Typical office asking rent,Balanced supply,flat,Options vary by building quality and submarket,Stabilizing market,flat,"Tenants should compare location, cost, and flexibility",Downtown Decatur|Business district|Main commercial corridors,Common tenant search areas,"Decatur tenants can use this draft snapshot to compare office options by location, building quality, access, and lease flexibility across the market.","Office rents should be reviewed by building class, location, size, and lease structure before publication.",Availability should be verified against current local market conditions because options can vary meaningfully by building and submarket.,"Tenants should compare total occupancy cost, commute patterns, building quality, and flexibility before choosing a location."
AL,dothan,Office Market Snapshot,$30–$55/SF/YR,flat,Typical office asking rent,Balanced supply,flat,Options vary by building quality and submarket,Stabilizing market,flat,"Tenants should compare location, cost, and flexibility",Downtown Dothan|Business district|Main commercial corridors,Common tenant search areas,"Dothan tenants can use this draft snapshot to compare office options by location, building quality, access, and lease flexibility across the market.","Office rents should be reviewed by building class, location, size, and lease structure before publication.",Availability should be verified against current local market conditions because options can vary meaningfully by building and submarket.,"Tenants should compare total occupancy cost, commute patterns, building quality, and flexibility before choosing a location."
AL,enterprise,Office Market Snapshot,$30–$55/SF/YR,flat,Typical office asking rent,Balanced supply,flat,Options vary by building quality and submarket,Stabilizing market,flat,"Tenants should compare location, cost, and flexibility",Downtown Enterprise|Business district|Main commercial corridors,Common tenant search areas,"Enterprise tenants can use this draft snapshot to compare office options by location, building quality, access, and lease flexibility across the market.","Office rents should be reviewed by building class, location, size, and lease structure before publication.",Availability should be verified against current local market conditions because options can vary meaningfully by building and submarket.,"Tenants should compare total occupancy cost, commute patterns, building quality, and flexibility before choosing a location."
AL,homewood,Office Market Snapshot,$20–$40/SF/YR,flat,Typical office asking rent,Balanced,flat,Local options should be verified before a search,Stable local demand,flat,Practical fit matters more than headline market trends,Downtown Homewood|Main commercial corridors,Common tenant search areas,"Homewood tenants should verify current office options by location, building condition, and lease flexibility.",Office rent ranges should be confirmed before publication.,Current availability should be verified before making search decisions.,"Tenants should confirm pricing, availability, and location fit before moving forward."
AL,hoover,Office Market Snapshot,$20–$40/SF/YR,flat,Typical office asking rent,Balanced,flat,Local options should be verified before a search,Stable local demand,flat,Practical fit matters more than headline market trends,Downtown Hoover|Main commercial corridors,Common tenant search areas,"Hoover tenants should verify current office options by location, building condition, and lease flexibility.",Office rent ranges should be confirmed before publication.,Current availability should be verified before making search decisions.,"Tenants should confirm pricing, availability, and location fit before moving forward."
AL,huntsville,Office Market Snapshot,$30–$55/SF/YR,flat,Typical office asking rent,Balanced supply,flat,Options vary by building quality and submarket,Stabilizing market,flat,"Tenants should compare location, cost, and flexibility",Market St SW,Common tenant search areas,"Huntsville tenants can use this draft snapshot to compare office options by location, building quality, access, and lease flexibility across the market.","Office rents should be reviewed by building class, location, size, and lease structure before publication.",Availability should be verified against current local market conditions because options can vary meaningfully by building and submarket.,"Tenants should compare total occupancy cost, commute patterns, building quality, and flexibility before choosing a location."
AL,madison,Office Market Snapshot,$20–$40/SF/YR,flat,Typical office asking rent,Balanced,flat,Local options should be verified before a search,Stable local demand,flat,Practical fit matters more than headline market trends,Downtown Madison|Main commercial corridors,Common tenant search areas,"Madison tenants should verify current office options by location, building condition, and lease flexibility.",Office rent ranges should be confirmed before publication.,Current availability should be verified before making search decisions.,"Tenants should confirm pricing, availability, and location fit before moving forward."
AL,mobile,Office Market Snapshot,$30–$55/SF/YR,flat,Typical office asking rent,Balanced supply,flat,Options vary by building quality and submarket,Stabilizing market,flat,"Tenants should compare location, cost, and flexibility",N Water St|St Joseph St,Common tenant search areas,"Mobile tenants can use this draft snapshot to compare office options by location, building quality, access, and lease flexibility across the market.","Office rents should be reviewed by building class, location, size, and lease structure before publication.",Availability should be verified against current local market conditions because options can vary meaningfully by building and submarket.,"Tenants should compare total occupancy cost, commute patterns, building quality, and flexibility before choosing a location."
AL,prattville,Office Market Snapshot,$30–$55/SF/YR,flat,Typical office asking rent,Balanced supply,flat,Options vary by building quality and submarket,Stabilizing market,flat,"Tenants should compare location, cost, and flexibility",Downtown Prattville|Business district|Main commercial corridors,Common tenant search areas,"Prattville tenants can use this draft snapshot to compare office options by location, building quality, access, and lease flexibility across the market.","Office rents should be reviewed by building class, location, size, and lease structure before publication.",Availability should be verified against current local market conditions because options can vary meaningfully by building and submarket.,"Tenants should compare total occupancy cost, commute patterns, building quality, and flexibility before choosing a location."
AL,tuscaloosa,Office Market Snapshot,$30–$55/SF/YR,flat,Typical office asking rent,Balanced supply,flat,Options vary by building quality and submarket,Stabilizing market,flat,"Tenants should compare location, cost, and flexibility",Downtown Tuscaloosa|Business district|Main commercial corridors,Common tenant search areas,"Tuscaloosa tenants can use this draft snapshot to compare office options by location, building quality, access, and lease flexibility across the market.","Office rents should be reviewed by building class, location, size, and lease structure before publication.",Availability should be verified against current local market conditions because options can vary meaningfully by building and submarket.,"Tenants should compare total occupancy cost, commute patterns, building quality, and flexibility before choosing a location."
AL,vestavia-hills,Office Market Snapshot,$20–$40/SF/YR,flat,Typical office asking rent,Balanced,flat,Local options should be verified before a search,Stable local demand,flat,Practical fit matters more than headline market trends,Downtown Vestavia Hills|Main commercial corridors,Common tenant search areas,"Vestavia Hills tenants should verify current office options by location, building condition, and lease flexibility.",Office rent ranges should be confirmed before publication.,Current availability should be verified before making search decisions.,"Tenants should confirm pricing, availability, and location fit before moving forward."
AR,bella-vista,Office Market Snapshot,$30–$55/SF/YR,flat,Typical office asking rent,Balanced supply,flat,Options vary by building quality and submarket,Stabilizing market,flat,"Tenants should compare location, cost, and flexibility",Downtown Bella Vista|Business district|Main commercial corridors,Common tenant search areas,"Bella Vista tenants can use this draft snapshot to compare office options by location, building quality, access, and lease flexibility across the market.","Office rents should be reviewed by building class, location, size, and lease structure before publication.",Availability should be verified against current local market conditions because options can vary meaningfully by building and submarket.,"Tenants should compare total occupancy cost, commute patterns, building quality, and flexibility before choosing a location."
AR,benton,Office Market Snapshot,$30–$55/SF/YR,flat,Typical office asking rent,Balanced supply,flat,Options vary by building quality and submarket,Stabilizing market,flat,"Tenants should compare location, cost, and flexibility",Downtown Benton|Business district|Main commercial corridors,Common tenant search areas,"Benton tenants can use this draft snapshot to compare office options by location, building quality, access, and lease flexibility across the market.","Office rents should be reviewed by building class, location, size, and lease structure before publication.",Availability should be verified against current local market conditions because options can vary meaningfully by building and submarket.,"Tenants should compare total occupancy cost, commute patterns, building quality, and flexibility before choosing a location."
AR,bentonville,Office Market Snapshot,$20–$40/SF/YR,flat,Typical office asking rent,Balanced,flat,Local options should be verified before a search,Stable local demand,flat,Practical fit matters more than headline market trends,NE McClain Rd|SW 8th St,Common tenant search areas,"Bentonville tenants should verify current office options by location, building condition, and lease flexibility.",Office rent ranges should be confirmed before publication.,Current availability should be verified before making search decisions.,"Tenants should confirm pricing, availability, and location fit before moving forward."
AR,conway,Office Market Snapshot,$30–$55/SF/YR,flat,Typical office asking rent,Balanced supply,flat,Options vary by building quality and submarket,Stabilizing market,flat,"Tenants should compare location, cost, and flexibility",Downtown Conway|Business district|Main commercial corridors,Common tenant search areas,"Conway tenants can use this draft snapshot to compare office options by location, building quality, access, and lease flexibility across the market.","Office rents should be reviewed by building class, location, size, and lease structure before publication.",Availability should be verified against current local market conditions because options can vary meaningfully by building and submarket.,"Tenants should compare total occupancy cost, commute patterns, building quality, and flexibility before choosing a location."
AR,eureka-springs,Office Market Snapshot,$30–$55/SF/YR,flat,Typical office asking rent,Balanced supply,flat,Options vary by building quality and submarket,Stabilizing market,flat,"Tenants should compare location, cost, and flexibility",Downtown Eureka Springs|Business district|Main commercial corridors,Common tenant search areas,"Eureka Springs tenants can use this draft snapshot to compare office options by location, building quality, access, and lease flexibility across the market.","Office rents should be reviewed by building class, location, size, and lease structure before publication.",Availability should be verified against current local market conditions because options can vary meaningfully by building and submarket.,"Tenants should compare total occupancy cost, commute patterns, building quality, and flexibility before choosing a location."
AR,fayetteville,Office Market Snapshot,$30–$55/SF/YR,flat,Typical office asking rent,Balanced supply,flat,Options vary by building quality and submarket,Stabilizing market,flat,"Tenants should compare location, cost, and flexibility",Downtown Fayetteville|Business district|Main commercial corridors,Common tenant search areas,"Fayetteville tenants can use this draft snapshot to compare office options by location, building quality, access, and lease flexibility across the market.","Office rents should be reviewed by building class, location, size, and lease structure before publication.",Availability should be verified against current local market conditions because options can vary meaningfully by building and submarket.,"Tenants should compare total occupancy cost, commute patterns, building quality, and flexibility before choosing a location."
AR,fort-smith,Office Market Snapshot,$30–$55/SF/YR,flat,Typical office asking rent,Balanced supply,flat,Options vary by building quality and submarket,Stabilizing market,flat,"Tenants should compare location, cost, and flexibility",Downtown Fort Smith|Business district|Main commercial corridors,Common tenant search areas,"Fort Smith tenants can use this draft snapshot to compare office options by location, building quality, access, and lease flexibility across the market.","Office rents should be reviewed by building class, location, size, and lease structure before publication.",Availability should be verified against current local market conditions because options can vary meaningfully by building and submarket.,"Tenants should compare total occupancy cost, commute patterns, building quality, and flexibility before choosing a location."
AR,jonesboro,Office Market Snapshot,$30–$55/SF/YR,flat,Typical office asking rent,Balanced supply,flat,Options vary by building quality and submarket,Stabilizing market,flat,"Tenants should compare location, cost, and flexibility",Downtown Jonesboro|Business district|Main commercial corridors,Common tenant search areas,"Jonesboro tenants can use this draft snapshot to compare office options by location, building quality, access, and lease flexibility across the market.","Office rents should be reviewed by building class, location, size, and lease structure before publication.",Availability should be verified against current local market conditions because options can vary meaningfully by building and submarket.,"Tenants should compare total occupancy cost, commute patterns, building quality, and flexibility before choosing a location."
AR,north-little-rock,Office Market Snapshot,$30–$55/SF/YR,flat,Typical office asking rent,Balanced supply,flat,Options vary by building quality and submarket,Stabilizing market,flat,"Tenants should compare location, cost, and flexibility",Downtown North Little Rock|Business district|Main commercial corridors,Common tenant search areas,"North Little Rock tenants can use this draft snapshot to compare office options by location, building quality, access, and lease flexibility across the market.","Office rents should be reviewed by building class, location, size, and lease structure before publication.",Availability should be verified against current local market conditions because options can vary meaningfully by building and submarket.,"Tenants should compare total occupancy cost, commute patterns, building quality, and flexibility before choosing a location."
AR,rogers,Office Market Snapshot,$30–$55/SF/YR,flat,Typical office asking rent,Balanced supply,flat,Options vary by building quality and submarket,Stabilizing market,flat,"Tenants should compare location, cost, and flexibility",Downtown Rogers|Business district|Main commercial corridors,Common tenant search areas,"Rogers tenants can use this draft snapshot to compare office options by location, building quality, access, and lease flexibility across the market.","Office rents should be reviewed by building class, location, size, and lease structure before publication.",Availability should be verified against current local market conditions because options can vary meaningfully by building and submarket.,"Tenants should compare total occupancy cost, commute patterns, building quality, and flexibility before choosing a location."
AR,springdale,Office Market Snapshot,$30–$55/SF/YR,flat,Typical office asking rent,Balanced supply,flat,Options vary by building quality and submarket,Stabilizing market,flat,"Tenants should compare location, cost, and flexibility",Downtown Springdale|Business district|Main commercial corridors,Common tenant search areas,"Springdale tenants can use this draft snapshot to compare office options by location, building quality, access, and lease flexibility across the market.","Office rents should be reviewed by building class, location, size, and lease structure before publication.",Availability should be verified against current local market conditions because options can vary meaningfully by building and submarket.,"Tenants should compare total occupancy cost, commute patterns, building quality, and flexibility before choosing a location."
AR,texarkana,Office Market Snapshot,$30–$55/SF/YR,flat,Typical office asking rent,Balanced supply,flat,Options vary by building quality and submarket,Stabilizing market,flat,"Tenants should compare location, cost, and flexibility",Downtown Texarkana|Business district|Main commercial corridors,Common tenant search areas,"Texarkana tenants can use this draft snapshot to compare office options by location, building quality, access, and lease flexibility across the market.","Office rents should be reviewed by building class, location, size, and lease structure before publication.",Availability should be verified against current local market conditions because options can vary meaningfully by building and submarket.,"Tenants should compare total occupancy cost, commute patterns, building quality, and flexibility before choosing a location."
AZ,apache-junction,Office Market Snapshot,$30–$55/SF/YR,flat,Typical office asking rent,Balanced supply,flat,Options vary by building quality and submarket,Stabilizing market,flat,"Tenants should compare location, cost, and flexibility",Downtown Apache Junction|Business district|Main commercial corridors,Common tenant search areas,"Apache Junction tenants can use this draft snapshot to compare office options by location, building quality, access, and lease flexibility across the market.","Office rents should be reviewed by building class, location, size, and lease structure before publication.",Availability should be verified against current local market conditions because options can vary meaningfully by building and submarket.,"Tenants should compare total occupancy cost, commute patterns, building quality, and flexibility before choosing a location."
AZ,carefree,Office Market Snapshot,$20–$40/SF/YR,flat,Typical office asking rent,Balanced,flat,Local options should be verified before a search,Stable local demand,flat,Practical fit matters more than headline market trends,Downtown Carefree|Main commercial corridors,Common tenant search areas,"Carefree tenants should verify current office options by location, building condition, and lease flexibility.",Office rent ranges should be confirmed before publication.,Current availability should be verified before making search decisions.,"Tenants should confirm pricing, availability, and location fit before moving forward."
AZ,casa-grande,Office Market Snapshot,$30–$55/SF/YR,flat,Typical office asking rent,Balanced supply,flat,Options vary by building quality and submarket,Stabilizing market,flat,"Tenants should compare location, cost, and flexibility",Downtown Casa Grande|Business district|Main commercial corridors,Common tenant search areas,"Casa Grande tenants can use this draft snapshot to compare office options by location, building quality, access, and lease flexibility across the market.","Office rents should be reviewed by building class, location, size, and lease structure before publication.",Availability should be verified against current local market conditions because options can vary meaningfully by building and submarket.,"Tenants should compare total occupancy cost, commute patterns, building quality, and flexibility before choosing a location."
AZ,chandler,Office Market Snapshot,$25–$45/SF/YR,flat,Typical office asking rent,Moderate,flat,Tenant options vary by building and location,Balanced,flat,Location fit and deal structure matter,Insight Way|N Roosevelt Ave|S Stearman Dr,Common tenant search areas,"Chandler tenants should compare office options by location, building condition, access, and room for flexibility.","Office rents should be checked by building class, location, and lease structure.","Availability can vary by building and local submarket, so current options should be verified.",Tenants should compare several local options before committing to a location.
AZ,cottonwood,Office Market Snapshot,$30–$55/SF/YR,flat,Typical office asking rent,Balanced supply,flat,Options vary by building quality and submarket,Stabilizing market,flat,"Tenants should compare location, cost, and flexibility",Downtown Cottonwood|Business district|Main commercial corridors,Common tenant search areas,"Cottonwood tenants can use this draft snapshot to compare office options by location, building quality, access, and lease flexibility across the market.","Office rents should be reviewed by building class, location, size, and lease structure before publication.",Availability should be verified against current local market conditions because options can vary meaningfully by building and submarket.,"Tenants should compare total occupancy cost, commute patterns, building quality, and flexibility before choosing a location."
AZ,flagstaff,Office Market Snapshot,$20–$40/SF/YR,flat,Typical office asking rent,Balanced,flat,Local options should be verified before a search,Stable local demand,flat,Practical fit matters more than headline market trends,W University Ave,Common tenant search areas,"Flagstaff tenants should verify current office options by location, building condition, and lease flexibility.",Office rent ranges should be confirmed before publication.,Current availability should be verified before making search decisions.,"Tenants should confirm pricing, availability, and location fit before moving forward."
AZ,florence,Office Market Snapshot,$30–$55/SF/YR,flat,Typical office asking rent,Balanced supply,flat,Options vary by building quality and submarket,Stabilizing market,flat,"Tenants should compare location, cost, and flexibility",Downtown Florence|Business district|Main commercial corridors,Common tenant search areas,"Florence tenants can use this draft snapshot to compare office options by location, building quality, access, and lease flexibility across the market.","Office rents should be reviewed by building class, location, size, and lease structure before publication.",Availability should be verified against current local market conditions because options can vary meaningfully by building and submarket.,"Tenants should compare total occupancy cost, commute patterns, building quality, and flexibility before choosing a location."
AZ,gilbert,Office Market Snapshot,$30–$55/SF/YR,flat,Typical office asking rent,Balanced supply,flat,Options vary by building quality and submarket,Stabilizing market,flat,"Tenants should compare location, cost, and flexibility",Downtown Gilbert|Business district|Main commercial corridors,Common tenant search areas,"Gilbert tenants can use this draft snapshot to compare office options by location, building quality, access, and lease flexibility across the market.","Office rents should be reviewed by building class, location, size, and lease structure before publication.",Availability should be verified against current local market conditions because options can vary meaningfully by building and submarket.,"Tenants should compare total occupancy cost, commute patterns, building quality, and flexibility before choosing a location."
AZ,glendale,Office Market Snapshot,$30–$55/SF/YR,flat,Typical office asking rent,Balanced supply,flat,Options vary by building quality and submarket,Stabilizing market,flat,"Tenants should compare location, cost, and flexibility",Downtown Glendale|Business district|Main commercial corridors,Common tenant search areas,"Glendale tenants can use this draft snapshot to compare office options by location, building quality, access, and lease flexibility across the market.","Office rents should be reviewed by building class, location, size, and lease structure before publication.",Availability should be verified against current local market conditions because options can vary meaningfully by building and submarket.,"Tenants should compare total occupancy cost, commute patterns, building quality, and flexibility before choosing a location."
AZ,goodyear,Office Market Snapshot,$30–$55/SF/YR,flat,Typical office asking rent,Balanced supply,flat,Options vary by building quality and submarket,Stabilizing market,flat,"Tenants should compare location, cost, and flexibility",Downtown Goodyear|Business district|Main commercial corridors,Common tenant search areas,"Goodyear tenants can use this draft snapshot to compare office options by location, building quality, access, and lease flexibility across the market.","Office rents should be reviewed by building class, location, size, and lease structure before publication.",Availability should be verified against current local market conditions because options can vary meaningfully by building and submarket.,"Tenants should compare total occupancy cost, commute patterns, building quality, and flexibility before choosing a location."
AZ,mesa,Office Market Snapshot,$30–$55/SF/YR,flat,Typical office asking rent,Balanced supply,flat,Options vary by building quality and submarket,Stabilizing market,flat,"Tenants should compare location, cost, and flexibility",E 1st Ave|E Germann Rd|E Main St|E Southern Ave,Common tenant search areas,"Mesa tenants can use this draft snapshot to compare office options by location, building quality, access, and lease flexibility across the market.","Office rents should be reviewed by building class, location, size, and lease structure before publication.",Availability should be verified against current local market conditions because options can vary meaningfully by building and submarket.,"Tenants should compare total occupancy cost, commute patterns, building quality, and flexibility before choosing a location."
AZ,oro-valley,Office Market Snapshot,$20–$40/SF/YR,flat,Typical office asking rent,Balanced,flat,Local options should be verified before a search,Stable local demand,flat,Practical fit matters more than headline market trends,Downtown Oro Valley|Main commercial corridors,Common tenant search areas,"Oro Valley tenants should verify current office options by location, building condition, and lease flexibility.",Office rent ranges should be confirmed before publication.,Current availability should be verified before making search decisions.,"Tenants should confirm pricing, availability, and location fit before moving forward."
AZ,paradise-valley,Office Market Snapshot,$20–$40/SF/YR,flat,Typical office asking rent,Balanced,flat,Local options should be verified before a search,Stable local demand,flat,Practical fit matters more than headline market trends,Downtown Paradise Valley|Main commercial corridors,Common tenant search areas,"Paradise Valley tenants should verify current office options by location, building condition, and lease flexibility.",Office rent ranges should be confirmed before publication.,Current availability should be verified before making search decisions.,"Tenants should confirm pricing, availability, and location fit before moving forward."
AZ,peoria,Office Market Snapshot,$30–$55/SF/YR,flat,Typical office asking rent,Balanced supply,flat,Options vary by building quality and submarket,Stabilizing market,flat,"Tenants should compare location, cost, and flexibility",Downtown Peoria|Business district|Main commercial corridors,Common tenant search areas,"Peoria tenants can use this draft snapshot to compare office options by location, building quality, access, and lease flexibility across the market.","Office rents should be reviewed by building class, location, size, and lease structure before publication.",Availability should be verified against current local market conditions because options can vary meaningfully by building and submarket.,"Tenants should compare total occupancy cost, commute patterns, building quality, and flexibility before choosing a location."
AZ,queen-creek,Office Market Snapshot,$30–$55/SF/YR,flat,Typical office asking rent,Balanced supply,flat,Options vary by building quality and submarket,Stabilizing market,flat,"Tenants should compare location, cost, and flexibility",Downtown Queen Creek|Business district|Main commercial corridors,Common tenant search areas,"Queen Creek tenants can use this draft snapshot to compare office options by location, building quality, access, and lease flexibility across the market.","Office rents should be reviewed by building class, location, size, and lease structure before publication.",Availability should be verified against current local market conditions because options can vary meaningfully by building and submarket.,"Tenants should compare total occupancy cost, commute patterns, building quality, and flexibility before choosing a location."
AZ,sedona,Office Market Snapshot,$30–$55/SF/YR,flat,Typical office asking rent,Balanced supply,flat,Options vary by building quality and submarket,Stabilizing market,flat,"Tenants should compare location, cost, and flexibility",Downtown Sedona|Business district|Main commercial corridors,Common tenant search areas,"Sedona tenants can use this draft snapshot to compare office options by location, building quality, access, and lease flexibility across the market.","Office rents should be reviewed by building class, location, size, and lease structure before publication.",Availability should be verified against current local market conditions because options can vary meaningfully by building and submarket.,"Tenants should compare total occupancy cost, commute patterns, building quality, and flexibility before choosing a location."
AZ,surprise,Office Market Snapshot,$30–$55/SF/YR,flat,Typical office asking rent,Balanced supply,flat,Options vary by building quality and submarket,Stabilizing market,flat,"Tenants should compare location, cost, and flexibility",W Cactus Rd,Common tenant search areas,"Surprise tenants can use this draft snapshot to compare office options by location, building quality, access, and lease flexibility across the market.","Office rents should be reviewed by building class, location, size, and lease structure before publication.",Availability should be verified against current local market conditions because options can vary meaningfully by building and submarket.,"Tenants should compare total occupancy cost, commute patterns, building quality, and flexibility before choosing a location."
AZ,tempe,Office Market Snapshot,$30–$55/SF/YR,flat,Typical office asking rent,Balanced supply,flat,Options vary by building quality and submarket,Stabilizing market,flat,"Tenants should compare location, cost, and flexibility",W University Dr|E Broadway Rd|E Rio Salado Pkwy|N Scottsdale Rd,Common tenant search areas,"Tempe tenants can use this draft snapshot to compare office options by location, building quality, access, and lease flexibility across the market.","Office rents should be reviewed by building class, location, size, and lease structure before publication.",Availability should be verified against current local market conditions because options can vary meaningfully by building and submarket.,"Tenants should compare total occupancy cost, commute patterns, building quality, and flexibility before choosing a location."
AZ,tucson,Office Market Snapshot,$22–$34/SF/YR,flat,Typical office asking rent,Moderate,flat,Options across central and suburban office areas,Balanced,flat,Value and access are key comparison points,Downtown Tucson|University Area|Williams Centre|Oro Valley,Common tenant search areas,"Tucson tenants often compare central, university-adjacent, and suburban office areas based on budget, access, and customer proximity.","Office rents can vary by building class, parking, and proximity to central Tucson or suburban employment nodes.",Availability should be reviewed by submarket because smaller office buildings and larger blocks can offer different options.,"Tenants should compare parking, commute access, building quality, and flexibility before selecting a location."
AZ,wickenburg,Office Market Snapshot,$30–$55/SF/YR,flat,Typical office asking rent,Balanced supply,flat,Options vary by building quality and submarket,Stabilizing market,flat,"Tenants should compare location, cost, and flexibility",Downtown Wickenburg|Business district|Main commercial corridors,Common tenant search areas,"Wickenburg tenants can use this draft snapshot to compare office options by location, building quality, access, and lease flexibility across the market.","Office rents should be reviewed by building class, location, size, and lease structure before publication.",Availability should be verified against current local market conditions because options can vary meaningfully by building and submarket.,"Tenants should compare total occupancy cost, commute patterns, building quality, and flexibility before choosing a location."
AZ,yuma,Office Market Snapshot,$30–$55/SF/YR,flat,Typical office asking rent,Balanced supply,flat,Options vary by building quality and submarket,Stabilizing market,flat,"Tenants should compare location, cost, and flexibility",Downtown Yuma|Business district|Main commercial corridors,Common tenant search areas,"Yuma tenants can use this draft snapshot to compare office options by location, building quality, access, and lease flexibility across the market.","Office rents should be reviewed by building class, location, size, and lease structure before publication.",Availability should be verified against current local market conditions because options can vary meaningfully by building and submarket.,"Tenants should compare total occupancy cost, commute patterns, building quality, and flexibility before choosing a location."
CA,adelanto,Office Market Snapshot,$30–$55/SF/YR,flat,Typical office asking rent,Balanced supply,flat,Options vary by building quality and submarket,Stabilizing market,flat,"Tenants should compare location, cost, and flexibility",Downtown Adelanto|Business district|Main commercial corridors,Common tenant search areas,"Adelanto tenants can use this draft snapshot to compare office options by location, building quality, access, and lease flexibility across the market.","Office rents should be reviewed by building class, location, size, and lease structure before publication.",Availability should be verified against current local market conditions because options can vary meaningfully by building and submarket.,"Tenants should compare total occupancy cost, commute patterns, building quality, and flexibility before choosing a location."
CA,agoura-hills,Office Market Snapshot,$30–$55/SF/YR,flat,Typical office asking rent,Balanced supply,flat,Options vary by building quality and submarket,Stabilizing market,flat,"Tenants should compare location, cost, and flexibility",Agoura Rd,Common tenant search areas,"Agoura Hills tenants can use this draft snapshot to compare office options by location, building quality, access, and lease flexibility across the market.","Office rents should be reviewed by building class, location, size, and lease structure before publication.",Availability should be verified against current local market conditions because options can vary meaningfully by building and submarket.,"Tenants should compare total occupancy cost, commute patterns, building quality, and flexibility before choosing a location."
CA,alameda,Office Market Snapshot,$20–$40/SF/YR,flat,Typical office asking rent,Balanced,flat,Local options should be verified before a search,Stable local demand,flat,Practical fit matters more than headline market trends,2315-2323 Central Ave|Marina Village Pkwy,Common tenant search areas,"Alameda tenants should verify current office options by location, building condition, and lease flexibility.",Office rent ranges should be confirmed before publication.,Current availability should be verified before making search decisions.,"Tenants should confirm pricing, availability, and location fit before moving forward."
CA,albany,Office Market Snapshot,$30–$55/SF/YR,flat,Typical office asking rent,Balanced supply,flat,Options vary by building quality and submarket,Stabilizing market,flat,"Tenants should compare location, cost, and flexibility",Downtown Albany|Business district|Main commercial corridors,Common tenant search areas,"Albany tenants can use this draft snapshot to compare office options by location, building quality, access, and lease flexibility across the market.","Office rents should be reviewed by building class, location, size, and lease structure before publication.",Availability should be verified against current local market conditions because options can vary meaningfully by building and submarket.,"Tenants should compare total occupancy cost, commute patterns, building quality, and flexibility before choosing a location."
CA,alhambra,Office Market Snapshot,$20–$40/SF/YR,flat,Typical office asking rent,Balanced,flat,Local options should be verified before a search,Stable local demand,flat,Practical fit matters more than headline market trends,Downtown Alhambra|Main commercial corridors,Common tenant search areas,"Alhambra tenants should verify current office options by location, building condition, and lease flexibility.",Office rent ranges should be confirmed before publication.,Current availability should be verified before making search decisions.,"Tenants should confirm pricing, availability, and location fit before moving forward."
CA,aliso-viejo,Office Market Snapshot,$20–$40/SF/YR,flat,Typical office asking rent,Balanced,flat,Local options should be verified before a search,Stable local demand,flat,Practical fit matters more than headline market trends,Aliso Viejo Pkwy,Common tenant search areas,"Aliso Viejo tenants should verify current office options by location, building condition, and lease flexibility.",Office rent ranges should be confirmed before publication.,Current availability should be verified before making search decisions.,"Tenants should confirm pricing, availability, and location fit before moving forward."
CA,anaheim,Office Market Snapshot,$34–$50/SF/YR,flat,Typical office asking rent,Balanced supply,flat,Options across central Orange County,Balanced,flat,Submarket access and parking matter,Anaheim Resort Area|Platinum Triangle|Anaheim Canyon|Orange,Common tenant search areas,"Anaheim tenants often compare central Orange County office areas based on freeway access, parking, customer proximity, and value.","Office rents can vary between resort-area, freeway-adjacent, and business park locations.",Availability is best evaluated alongside nearby Orange County submarkets because tenant searches often cross city lines.,"Tenants should compare Anaheim, Orange, and nearby markets around access, parking, and total occupancy cost."
CA,antioch,Office Market Snapshot,$30–$55/SF/YR,flat,Typical office asking rent,Balanced supply,flat,Options vary by building quality and submarket,Stabilizing market,flat,"Tenants should compare location, cost, and flexibility",2520-2550 Somersville Rd|3600-3648 Delta Fair Blvd|41-47 18th St E|Lone Tree Way,Common tenant search areas,"Antioch tenants can use this draft snapshot to compare office options by location, building quality, access, and lease flexibility across the market.","Office rents should be reviewed by building class, location, size, and lease structure before publication.",Availability should be verified against current local market conditions because options can vary meaningfully by building and submarket.,"Tenants should compare total occupancy cost, commute patterns, building quality, and flexibility before choosing a location."
CA,apple-valley,Office Market Snapshot,$30–$55/SF/YR,flat,Typical office asking rent,Balanced supply,flat,Options vary by building quality and submarket,Stabilizing market,flat,"Tenants should compare location, cost, and flexibility",US Highway 18|Manhasset Rd|Navajo Road|Pawnee Rd,Common tenant search areas,"Apple Valley tenants can use this draft snapshot to compare office options by location, building quality, access, and lease flexibility across the market.","Office rents should be reviewed by building class, location, size, and lease structure before publication.",Availability should be verified against current local market conditions because options can vary meaningfully by building and submarket.,"Tenants should compare total occupancy cost, commute patterns, building quality, and flexibility before choosing a location."
CA,arcadia,Office Market Snapshot,$20–$40/SF/YR,flat,Typical office asking rent,Balanced,flat,Local options should be verified before a search,Stable local demand,flat,Practical fit matters more than headline market trends,E Huntington Dr,Common tenant search areas,"Arcadia tenants should verify current office options by location, building condition, and lease flexibility.",Office rent ranges should be confirmed before publication.,Current availability should be verified before making search decisions.,"Tenants should confirm pricing, availability, and location fit before moving forward."
CA,atwater,Office Market Snapshot,$20–$40/SF/YR,flat,Typical office asking rent,Balanced,flat,Local options should be verified before a search,Stable local demand,flat,Practical fit matters more than headline market trends,Downtown Atwater|Main commercial corridors,Common tenant search areas,"Atwater tenants should verify current office options by location, building condition, and lease flexibility.",Office rent ranges should be confirmed before publication.,Current availability should be verified before making search decisions.,"Tenants should confirm pricing, availability, and location fit before moving forward."
CA,auburn,Office Market Snapshot,$30–$55/SF/YR,flat,Typical office asking rent,Balanced supply,flat,Options vary by building quality and submarket,Stabilizing market,flat,"Tenants should compare location, cost, and flexibility",Auburn Folsom Rd|High St|Palm Ave|11702-11734 Enterprise Drive,Common tenant search areas,"Auburn tenants can use this draft snapshot to compare office options by location, building quality, access, and lease flexibility across the market.","Office rents should be reviewed by building class, location, size, and lease structure before publication.",Availability should be verified against current local market conditions because options can vary meaningfully by building and submarket.,"Tenants should compare total occupancy cost, commute patterns, building quality, and flexibility before choosing a location."
CA,barstow,Office Market Snapshot,$30–$55/SF/YR,flat,Typical office asking rent,Balanced supply,flat,Options vary by building quality and submarket,Stabilizing market,flat,"Tenants should compare location, cost, and flexibility",Downtown Barstow|Business district|Main commercial corridors,Common tenant search areas,"Barstow tenants can use this draft snapshot to compare office options by location, building quality, access, and lease flexibility across the market.","Office rents should be reviewed by building class, location, size, and lease structure before publication.",Availability should be verified against current local market conditions because options can vary meaningfully by building and submarket.,"Tenants should compare total occupancy cost, commute patterns, building quality, and flexibility before choosing a location."
CA,belmont,Office Market Snapshot,$30–$55/SF/YR,flat,Typical office asking rent,Balanced supply,flat,Options vary by building quality and submarket,Stabilizing market,flat,"Tenants should compare location, cost, and flexibility",Downtown Belmont|Business district|Main commercial corridors,Common tenant search areas,"Belmont tenants can use this draft snapshot to compare office options by location, building quality, access, and lease flexibility across the market.","Office rents should be reviewed by building class, location, size, and lease structure before publication.",Availability should be verified against current local market conditions because options can vary meaningfully by building and submarket.,"Tenants should compare total occupancy cost, commute patterns, building quality, and flexibility before choosing a location."
CA,benicia,Office Market Snapshot,$30–$55/SF/YR,flat,Typical office asking rent,Balanced supply,flat,Options vary by building quality and submarket,Stabilizing market,flat,"Tenants should compare location, cost, and flexibility",602-612 1st Street,Common tenant search areas,"Benicia tenants can use this draft snapshot to compare office options by location, building quality, access, and lease flexibility across the market.","Office rents should be reviewed by building class, location, size, and lease structure before publication.",Availability should be verified against current local market conditions because options can vary meaningfully by building and submarket.,"Tenants should compare total occupancy cost, commute patterns, building quality, and flexibility before choosing a location."
CA,berkeley,Office Market Snapshot,$30–$55/SF/YR,flat,Typical office asking rent,Balanced supply,flat,Options vary by building quality and submarket,Stabilizing market,flat,"Tenants should compare location, cost, and flexibility",Addison St|University Ave,Common tenant search areas,"Berkeley tenants can use this draft snapshot to compare office options by location, building quality, access, and lease flexibility across the market.","Office rents should be reviewed by building class, location, size, and lease structure before publication.",Availability should be verified against current local market conditions because options can vary meaningfully by building and submarket.,"Tenants should compare total occupancy cost, commute patterns, building quality, and flexibility before choosing a location."
CA,beverly-hills,Office Market Snapshot,$20–$40/SF/YR,flat,Typical office asking rent,Balanced,flat,Local options should be verified before a search,Stable local demand,flat,Practical fit matters more than headline market trends,Wilshire Blvd,Common tenant search areas,"Beverly Hills tenants should verify current office options by location, building condition, and lease flexibility.",Office rent ranges should be confirmed before publication.,Current availability should be verified before making search decisions.,"Tenants should confirm pricing, availability, and location fit before moving forward."
CA,boron,Office Market Snapshot,$30–$55/SF/YR,flat,Typical office asking rent,Balanced supply,flat,Options vary by building quality and submarket,Stabilizing market,flat,"Tenants should compare location, cost, and flexibility",Downtown Boron|Business district|Main commercial corridors,Common tenant search areas,"Boron tenants can use this draft snapshot to compare office options by location, building quality, access, and lease flexibility across the market.","Office rents should be reviewed by building class, location, size, and lease structure before publication.",Availability should be verified against current local market conditions because options can vary meaningfully by building and submarket.,"Tenants should compare total occupancy cost, commute patterns, building quality, and flexibility before choosing a location."
CA,brea,Office Market Snapshot,$20–$40/SF/YR,flat,Typical office asking rent,Balanced,flat,Local options should be verified before a search,Stable local demand,flat,Practical fit matters more than headline market trends,S State College Blvd,Common tenant search areas,"Brea tenants should verify current office options by location, building condition, and lease flexibility.",Office rent ranges should be confirmed before publication.,Current availability should be verified before making search decisions.,"Tenants should confirm pricing, availability, and location fit before moving forward."
CA,brisbane,Office Market Snapshot,$30–$55/SF/YR,flat,Typical office asking rent,Balanced supply,flat,Options vary by building quality and submarket,Stabilizing market,flat,"Tenants should compare location, cost, and flexibility",Downtown Brisbane|Business district|Main commercial corridors,Common tenant search areas,"Brisbane tenants can use this draft snapshot to compare office options by location, building quality, access, and lease flexibility across the market.","Office rents should be reviewed by building class, location, size, and lease structure before publication.",Availability should be verified against current local market conditions because options can vary meaningfully by building and submarket.,"Tenants should compare total occupancy cost, commute patterns, building quality, and flexibility before choosing a location."
CA,buena-park,Office Market Snapshot,$30–$55/SF/YR,flat,Typical office asking rent,Balanced supply,flat,Options vary by building quality and submarket,Stabilizing market,flat,"Tenants should compare location, cost, and flexibility",8th Street,Common tenant search areas,"Buena Park tenants can use this draft snapshot to compare office options by location, building quality, access, and lease flexibility across the market.","Office rents should be reviewed by building class, location, size, and lease structure before publication.",Availability should be verified against current local market conditions because options can vary meaningfully by building and submarket.,"Tenants should compare total occupancy cost, commute patterns, building quality, and flexibility before choosing a location."
CA,burbank,Office Market Snapshot,$30–$55/SF/YR,flat,Typical office asking rent,Balanced supply,flat,Options vary by building quality and submarket,Stabilizing market,flat,"Tenants should compare location, cost, and flexibility",N Glenoaks Blvd|N Hollywood Way|S Glenoaks Blvd|W Alameda Ave,Common tenant search areas,"Burbank tenants can use this draft snapshot to compare office options by location, building quality, access, and lease flexibility across the market.","Office rents should be reviewed by building class, location, size, and lease structure before publication.",Availability should be verified against current local market conditions because options can vary meaningfully by building and submarket.,"Tenants should compare total occupancy cost, commute patterns, building quality, and flexibility before choosing a location."
CA,burlingame,Office Market Snapshot,$30–$55/SF/YR,flat,Typical office asking rent,Balanced supply,flat,Options vary by building quality and submarket,Stabilizing market,flat,"Tenants should compare location, cost, and flexibility",Bayshore Hwy|Lorton Ave,Common tenant search areas,"Burlingame tenants can use this draft snapshot to compare office options by location, building quality, access, and lease flexibility across the market.","Office rents should be reviewed by building class, location, size, and lease structure before publication.",Availability should be verified against current local market conditions because options can vary meaningfully by building and submarket.,"Tenants should compare total occupancy cost, commute patterns, building quality, and flexibility before choosing a location."
CA,calabasas,Office Market Snapshot,$20–$40/SF/YR,flat,Typical office asking rent,Balanced,flat,Local options should be verified before a search,Stable local demand,flat,Practical fit matters more than headline market trends,Park Granada Blvd,Common tenant search areas,"Calabasas tenants should verify current office options by location, building condition, and lease flexibility.",Office rent ranges should be confirmed before publication.,Current availability should be verified before making search decisions.,"Tenants should confirm pricing, availability, and location fit before moving forward."
CA,camarillo,Office Market Snapshot,$30–$55/SF/YR,flat,Typical office asking rent,Balanced supply,flat,Options vary by building quality and submarket,Stabilizing market,flat,"Tenants should compare location, cost, and flexibility",Downtown Camarillo|Business district|Main commercial corridors,Common tenant search areas,"Camarillo tenants can use this draft snapshot to compare office options by location, building quality, access, and lease flexibility across the market.","Office rents should be reviewed by building class, location, size, and lease structure before publication.",Availability should be verified against current local market conditions because options can vary meaningfully by building and submarket.,"Tenants should compare total occupancy cost, commute patterns, building quality, and flexibility before choosing a location."
CA,cameron,Office Market Snapshot,$20–$40/SF/YR,flat,Typical office asking rent,Balanced,flat,Local options should be verified before a search,Stable local demand,flat,Practical fit matters more than headline market trends,Downtown Cameron|Main commercial corridors,Common tenant search areas,"Cameron tenants should verify current office options by location, building condition, and lease flexibility.",Office rent ranges should be confirmed before publication.,Current availability should be verified before making search decisions.,"Tenants should confirm pricing, availability, and location fit before moving forward."
CA,campbell,Office Market Snapshot,$20–$40/SF/YR,flat,Typical office asking rent,Balanced,flat,Local options should be verified before a search,Stable local demand,flat,Practical fit matters more than headline market trends,S Bascom Ave|1677-1725 Bascom Ave,Common tenant search areas,"Campbell tenants should verify current office options by location, building condition, and lease flexibility.",Office rent ranges should be confirmed before publication.,Current availability should be verified before making search decisions.,"Tenants should confirm pricing, availability, and location fit before moving forward."
CA,canoga-park,Office Market Snapshot,$30–$55/SF/YR,flat,Typical office asking rent,Balanced supply,flat,Options vary by building quality and submarket,Stabilizing market,flat,"Tenants should compare location, cost, and flexibility",Downtown Canoga Park|Business district|Main commercial corridors,Common tenant search areas,"Canoga Park tenants can use this draft snapshot to compare office options by location, building quality, access, and lease flexibility across the market.","Office rents should be reviewed by building class, location, size, and lease structure before publication.",Availability should be verified against current local market conditions because options can vary meaningfully by building and submarket.,"Tenants should compare total occupancy cost, commute patterns, building quality, and flexibility before choosing a location."
CA,capitola,Office Market Snapshot,$20–$40/SF/YR,flat,Typical office asking rent,Balanced,flat,Local options should be verified before a search,Stable local demand,flat,Practical fit matters more than headline market trends,San Jose Ave,Common tenant search areas,"Capitola tenants should verify current office options by location, building condition, and lease flexibility.",Office rent ranges should be confirmed before publication.,Current availability should be verified before making search decisions.,"Tenants should confirm pricing, availability, and location fit before moving forward."
CA,carlsbad,Office Market Snapshot,$30–$55/SF/YR,flat,Typical office asking rent,Balanced supply,flat,Options vary by building quality and submarket,Stabilizing market,flat,"Tenants should compare location, cost, and flexibility",Aston Ave|Lionshead Ave|Loker Ave W|Caribou Ct,Common tenant search areas,"Carlsbad tenants can use this draft snapshot to compare office options by location, building quality, access, and lease flexibility across the market.","Office rents should be reviewed by building class, location, size, and lease structure before publication.",Availability should be verified against current local market conditions because options can vary meaningfully by building and submarket.,"Tenants should compare total occupancy cost, commute patterns, building quality, and flexibility before choosing a location."
CA,carmichael,Office Market Snapshot,$30–$55/SF/YR,flat,Typical office asking rent,Balanced supply,flat,Options vary by building quality and submarket,Stabilizing market,flat,"Tenants should compare location, cost, and flexibility",Manzanita Ave|Fair Oaks Blvd|4708-4794 Manzanita Ave|6720-6728 Fair Oaks Blvd,Common tenant search areas,"Carmichael tenants can use this draft snapshot to compare office options by location, building quality, access, and lease flexibility across the market.","Office rents should be reviewed by building class, location, size, and lease structure before publication.",Availability should be verified against current local market conditions because options can vary meaningfully by building and submarket.,"Tenants should compare total occupancy cost, commute patterns, building quality, and flexibility before choosing a location."
CA,carson,Office Market Snapshot,$20–$40/SF/YR,flat,Typical office asking rent,Balanced,flat,Local options should be verified before a search,Stable local demand,flat,Practical fit matters more than headline market trends,E Artesia Blvd|Leapwood Ave,Common tenant search areas,"Carson tenants should verify current office options by location, building condition, and lease flexibility.",Office rent ranges should be confirmed before publication.,Current availability should be verified before making search decisions.,"Tenants should confirm pricing, availability, and location fit before moving forward."
CA,castro-valley,Office Market Snapshot,$30–$55/SF/YR,flat,Typical office asking rent,Balanced supply,flat,Options vary by building quality and submarket,Stabilizing market,flat,"Tenants should compare location, cost, and flexibility",Downtown Castro Valley|Business district|Main commercial corridors,Common tenant search areas,"Castro Valley tenants can use this draft snapshot to compare office options by location, building quality, access, and lease flexibility across the market.","Office rents should be reviewed by building class, location, size, and lease structure before publication.",Availability should be verified against current local market conditions because options can vary meaningfully by building and submarket.,"Tenants should compare total occupancy cost, commute patterns, building quality, and flexibility before choosing a location."
CA,cathedral-city,Office Market Snapshot,$30–$55/SF/YR,flat,Typical office asking rent,Balanced supply,flat,Options vary by building quality and submarket,Stabilizing market,flat,"Tenants should compare location, cost, and flexibility",Downtown Cathedral City|Business district|Main commercial corridors,Common tenant search areas,"Cathedral City tenants can use this draft snapshot to compare office options by location, building quality, access, and lease flexibility across the market.","Office rents should be reviewed by building class, location, size, and lease structure before publication.",Availability should be verified against current local market conditions because options can vary meaningfully by building and submarket.,"Tenants should compare total occupancy cost, commute patterns, building quality, and flexibility before choosing a location."
CA,ceres,Office Market Snapshot,$20–$40/SF/YR,flat,Typical office asking rent,Balanced,flat,Local options should be verified before a search,Stable local demand,flat,Practical fit matters more than headline market trends,E Hatch Rd,Common tenant search areas,"Ceres tenants should verify current office options by location, building condition, and lease flexibility.",Office rent ranges should be confirmed before publication.,Current availability should be verified before making search decisions.,"Tenants should confirm pricing, availability, and location fit before moving forward."
CA,cerritos,Office Market Snapshot,$20–$40/SF/YR,flat,Typical office asking rent,Balanced,flat,Local options should be verified before a search,Stable local demand,flat,Practical fit matters more than headline market trends,Arthur St|Bentley Pl,Common tenant search areas,"Cerritos tenants should verify current office options by location, building condition, and lease flexibility.",Office rent ranges should be confirmed before publication.,Current availability should be verified before making search decisions.,"Tenants should confirm pricing, availability, and location fit before moving forward."
CA,chatsworth,Office Market Snapshot,$30–$55/SF/YR,flat,Typical office asking rent,Balanced supply,flat,Options vary by building quality and submarket,Stabilizing market,flat,"Tenants should compare location, cost, and flexibility",Downtown Chatsworth|Business district|Main commercial corridors,Common tenant search areas,"Chatsworth tenants can use this draft snapshot to compare office options by location, building quality, access, and lease flexibility across the market.","Office rents should be reviewed by building class, location, size, and lease structure before publication.",Availability should be verified against current local market conditions because options can vary meaningfully by building and submarket.,"Tenants should compare total occupancy cost, commute patterns, building quality, and flexibility before choosing a location."
CA,chico,Office Market Snapshot,$30–$55/SF/YR,flat,Typical office asking rent,Balanced supply,flat,Options vary by building quality and submarket,Stabilizing market,flat,"Tenants should compare location, cost, and flexibility",Downtown Chico|Business district|Main commercial corridors,Common tenant search areas,"Chico tenants can use this draft snapshot to compare office options by location, building quality, access, and lease flexibility across the market.","Office rents should be reviewed by building class, location, size, and lease structure before publication.",Availability should be verified against current local market conditions because options can vary meaningfully by building and submarket.,"Tenants should compare total occupancy cost, commute patterns, building quality, and flexibility before choosing a location."
CA,chino,Office Market Snapshot,$30–$55/SF/YR,flat,Typical office asking rent,Balanced supply,flat,Options vary by building quality and submarket,Stabilizing market,flat,"Tenants should compare location, cost, and flexibility",Faraday Ct,Common tenant search areas,"Chino tenants can use this draft snapshot to compare office options by location, building quality, access, and lease flexibility across the market.","Office rents should be reviewed by building class, location, size, and lease structure before publication.",Availability should be verified against current local market conditions because options can vary meaningfully by building and submarket.,"Tenants should compare total occupancy cost, commute patterns, building quality, and flexibility before choosing a location."
CA,chino-hills,Office Market Snapshot,$30–$55/SF/YR,flat,Typical office asking rent,Balanced supply,flat,Options vary by building quality and submarket,Stabilizing market,flat,"Tenants should compare location, cost, and flexibility",Downtown Chino Hills|Business district|Main commercial corridors,Common tenant search areas,"Chino Hills tenants can use this draft snapshot to compare office options by location, building quality, access, and lease flexibility across the market.","Office rents should be reviewed by building class, location, size, and lease structure before publication.",Availability should be verified against current local market conditions because options can vary meaningfully by building and submarket.,"Tenants should compare total occupancy cost, commute patterns, building quality, and flexibility before choosing a location."
CA,chula-vista,Office Market Snapshot,$25–$45/SF/YR,flat,Typical office asking rent,Moderate,flat,Tenant options vary by building and location,Balanced,flat,Location fit and deal structure matter,H St|Boswell Rd|Main St,Common tenant search areas,"Chula Vista tenants should compare office options by location, building condition, access, and room for flexibility.","Office rents should be checked by building class, location, and lease structure.","Availability can vary by building and local submarket, so current options should be verified.",Tenants should compare several local options before committing to a location.
CA,citrus-heights,Office Market Snapshot,$30–$55/SF/YR,flat,Typical office asking rent,Balanced supply,flat,Options vary by building quality and submarket,Stabilizing market,flat,"Tenants should compare location, cost, and flexibility",Greenback Ln|Sunrise Blvd|Auburn Blvd,Common tenant search areas,"Citrus Heights tenants can use this draft snapshot to compare office options by location, building quality, access, and lease flexibility across the market.","Office rents should be reviewed by building class, location, size, and lease structure before publication.",Availability should be verified against current local market conditions because options can vary meaningfully by building and submarket.,"Tenants should compare total occupancy cost, commute patterns, building quality, and flexibility before choosing a location."
CA,city-of-industry,Office Market Snapshot,$30–$55/SF/YR,flat,Typical office asking rent,Balanced supply,flat,Options vary by building quality and submarket,Stabilizing market,flat,"Tenants should compare location, cost, and flexibility",S Johnson Dr,Common tenant search areas,"City of Industry tenants can use this draft snapshot to compare office options by location, building quality, access, and lease flexibility across the market.","Office rents should be reviewed by building class, location, size, and lease structure before publication.",Availability should be verified against current local market conditions because options can vary meaningfully by building and submarket.,"Tenants should compare total occupancy cost, commute patterns, building quality, and flexibility before choosing a location."
CA,clovis,Office Market Snapshot,$25–$45/SF/YR,flat,Typical office asking rent,Moderate,flat,Tenant options vary by building and location,Balanced,flat,Location fit and deal structure matter,Downtown Clovis|Main commercial corridors,Common tenant search areas,"Clovis tenants should compare office options by location, building condition, access, and room for flexibility.","Office rents should be checked by building class, location, and lease structure.","Availability can vary by building and local submarket, so current options should be verified.",Tenants should compare several local options before committing to a location.
CA,colton,Office Market Snapshot,$30–$55/SF/YR,flat,Typical office asking rent,Balanced supply,flat,Options vary by building quality and submarket,Stabilizing market,flat,"Tenants should compare location, cost, and flexibility",1200-1350 E Washington St,Common tenant search areas,"Colton tenants can use this draft snapshot to compare office options by location, building quality, access, and lease flexibility across the market.","Office rents should be reviewed by building class, location, size, and lease structure before publication.",Availability should be verified against current local market conditions because options can vary meaningfully by building and submarket.,"Tenants should compare total occupancy cost, commute patterns, building quality, and flexibility before choosing a location."
CA,commerce,Office Market Snapshot,$20–$40/SF/YR,flat,Typical office asking rent,Balanced,flat,Local options should be verified before a search,Stable local demand,flat,Practical fit matters more than headline market trends,Camfield Ave|S Eastern Ave,Common tenant search areas,"Commerce tenants should verify current office options by location, building condition, and lease flexibility.",Office rent ranges should be confirmed before publication.,Current availability should be verified before making search decisions.,"Tenants should confirm pricing, availability, and location fit before moving forward."
CA,compton,Office Market Snapshot,$20–$40/SF/YR,flat,Typical office asking rent,Balanced,flat,Local options should be verified before a search,Stable local demand,flat,Practical fit matters more than headline market trends,E Maria St|S Alameda St,Common tenant search areas,"Compton tenants should verify current office options by location, building condition, and lease flexibility.",Office rent ranges should be confirmed before publication.,Current availability should be verified before making search decisions.,"Tenants should confirm pricing, availability, and location fit before moving forward."
CA,concord,Office Market Snapshot,$30–$55/SF/YR,flat,Typical office asking rent,Balanced supply,flat,Options vary by building quality and submarket,Stabilizing market,flat,"Tenants should compare location, cost, and flexibility",Arnold Industrial Pl|Nelson Ave|Willow Pass Rd,Common tenant search areas,"Concord tenants can use this draft snapshot to compare office options by location, building quality, access, and lease flexibility across the market.","Office rents should be reviewed by building class, location, size, and lease structure before publication.",Availability should be verified against current local market conditions because options can vary meaningfully by building and submarket.,"Tenants should compare total occupancy cost, commute patterns, building quality, and flexibility before choosing a location."
CA,corona,Office Market Snapshot,$30–$55/SF/YR,flat,Typical office asking rent,Balanced supply,flat,Options vary by building quality and submarket,Stabilizing market,flat,"Tenants should compare location, cost, and flexibility",California Ave|Radio Rd|S Main St,Common tenant search areas,"Corona tenants can use this draft snapshot to compare office options by location, building quality, access, and lease flexibility across the market.","Office rents should be reviewed by building class, location, size, and lease structure before publication.",Availability should be verified against current local market conditions because options can vary meaningfully by building and submarket.,"Tenants should compare total occupancy cost, commute patterns, building quality, and flexibility before choosing a location."
CA,corte-madera,Office Market Snapshot,$20–$40/SF/YR,flat,Typical office asking rent,Balanced,flat,Local options should be verified before a search,Stable local demand,flat,Practical fit matters more than headline market trends,Downtown Corte Madera|Main commercial corridors,Common tenant search areas,"Corte Madera tenants should verify current office options by location, building condition, and lease flexibility.",Office rent ranges should be confirmed before publication.,Current availability should be verified before making search decisions.,"Tenants should confirm pricing, availability, and location fit before moving forward."
CA,costa-mesa,Office Market Snapshot,$25–$45/SF/YR,flat,Typical office asking rent,Moderate,flat,Tenant options vary by building and location,Balanced,flat,Location fit and deal structure matter,Anton Blvd|Bristol St|Harbor Blvd,Common tenant search areas,"Costa Mesa tenants should compare office options by location, building condition, access, and room for flexibility.","Office rents should be checked by building class, location, and lease structure.","Availability can vary by building and local submarket, so current options should be verified.",Tenants should compare several local options before committing to a location.
CA,cotati,Office Market Snapshot,$20–$40/SF/YR,flat,Typical office asking rent,Balanced,flat,Local options should be verified before a search,Stable local demand,flat,Practical fit matters more than headline market trends,E Cotati Ave,Common tenant search areas,"Cotati tenants should verify current office options by location, building condition, and lease flexibility.",Office rent ranges should be confirmed before publication.,Current availability should be verified before making search decisions.,"Tenants should confirm pricing, availability, and location fit before moving forward."
CA,covina,Office Market Snapshot,$20–$40/SF/YR,flat,Typical office asking rent,Balanced,flat,Local options should be verified before a search,Stable local demand,flat,Practical fit matters more than headline market trends,Downtown Covina|Main commercial corridors,Common tenant search areas,"Covina tenants should verify current office options by location, building condition, and lease flexibility.",Office rent ranges should be confirmed before publication.,Current availability should be verified before making search decisions.,"Tenants should confirm pricing, availability, and location fit before moving forward."
CA,culver-city,Office Market Snapshot,$20–$40/SF/YR,flat,Typical office asking rent,Balanced,flat,Local options should be verified before a search,Stable local demand,flat,Practical fit matters more than headline market trends,Buckingham Pkwy|Higuera St,Common tenant search areas,"Culver City tenants should verify current office options by location, building condition, and lease flexibility.",Office rent ranges should be confirmed before publication.,Current availability should be verified before making search decisions.,"Tenants should confirm pricing, availability, and location fit before moving forward."
CA,cupertino,Office Market Snapshot,$20–$40/SF/YR,flat,Typical office asking rent,Balanced,flat,Local options should be verified before a search,Stable local demand,flat,Practical fit matters more than headline market trends,Stevens Creek Blvd|10771-11111 Wolfe Rd.,Common tenant search areas,"Cupertino tenants should verify current office options by location, building condition, and lease flexibility.",Office rent ranges should be confirmed before publication.,Current availability should be verified before making search decisions.,"Tenants should confirm pricing, availability, and location fit before moving forward."
CA,cypress,Office Market Snapshot,$30–$55/SF/YR,flat,Typical office asking rent,Balanced supply,flat,Options vary by building quality and submarket,Stabilizing market,flat,"Tenants should compare location, cost, and flexibility",Downtown Cypress|Business district|Main commercial corridors,Common tenant search areas,"Cypress tenants can use this draft snapshot to compare office options by location, building quality, access, and lease flexibility across the market.","Office rents should be reviewed by building class, location, size, and lease structure before publication.",Availability should be verified against current local market conditions because options can vary meaningfully by building and submarket.,"Tenants should compare total occupancy cost, commute patterns, building quality, and flexibility before choosing a location."
CA,daly-city,Office Market Snapshot,$30–$55/SF/YR,flat,Typical office asking rent,Balanced supply,flat,Options vary by building quality and submarket,Stabilizing market,flat,"Tenants should compare location, cost, and flexibility",Mission St,Common tenant search areas,"Daly City tenants can use this draft snapshot to compare office options by location, building quality, access, and lease flexibility across the market.","Office rents should be reviewed by building class, location, size, and lease structure before publication.",Availability should be verified against current local market conditions because options can vary meaningfully by building and submarket.,"Tenants should compare total occupancy cost, commute patterns, building quality, and flexibility before choosing a location."
CA,dana-point,Office Market Snapshot,$20–$40/SF/YR,flat,Typical office asking rent,Balanced,flat,Local options should be verified before a search,Stable local demand,flat,Practical fit matters more than headline market trends,Downtown Dana Point|Main commercial corridors,Common tenant search areas,"Dana Point tenants should verify current office options by location, building condition, and lease flexibility.",Office rent ranges should be confirmed before publication.,Current availability should be verified before making search decisions.,"Tenants should confirm pricing, availability, and location fit before moving forward."
CA,danville,Office Market Snapshot,$20–$40/SF/YR,flat,Typical office asking rent,Balanced,flat,Local options should be verified before a search,Stable local demand,flat,Practical fit matters more than headline market trends,480-520 San Ramon Valley Blvd|Railroad Ave,Common tenant search areas,"Danville tenants should verify current office options by location, building condition, and lease flexibility.",Office rent ranges should be confirmed before publication.,Current availability should be verified before making search decisions.,"Tenants should confirm pricing, availability, and location fit before moving forward."
CA,davis,Office Market Snapshot,$30–$55/SF/YR,flat,Typical office asking rent,Balanced supply,flat,Options vary by building quality and submarket,Stabilizing market,flat,"Tenants should compare location, cost, and flexibility",E 8th St,Common tenant search areas,"Davis tenants can use this draft snapshot to compare office options by location, building quality, access, and lease flexibility across the market.","Office rents should be reviewed by building class, location, size, and lease structure before publication.",Availability should be verified against current local market conditions because options can vary meaningfully by building and submarket.,"Tenants should compare total occupancy cost, commute patterns, building quality, and flexibility before choosing a location."
CA,del-mar,Office Market Snapshot,$20–$40/SF/YR,flat,Typical office asking rent,Balanced,flat,Local options should be verified before a search,Stable local demand,flat,Practical fit matters more than headline market trends,Downtown Del Mar|Main commercial corridors,Common tenant search areas,"Del Mar tenants should verify current office options by location, building condition, and lease flexibility.",Office rent ranges should be confirmed before publication.,Current availability should be verified before making search decisions.,"Tenants should confirm pricing, availability, and location fit before moving forward."
CA,delano,Office Market Snapshot,$20–$40/SF/YR,flat,Typical office asking rent,Balanced,flat,Local options should be verified before a search,Stable local demand,flat,Practical fit matters more than headline market trends,Downtown Delano|Main commercial corridors,Common tenant search areas,"Delano tenants should verify current office options by location, building condition, and lease flexibility.",Office rent ranges should be confirmed before publication.,Current availability should be verified before making search decisions.,"Tenants should confirm pricing, availability, and location fit before moving forward."
CA,desert-hot-springs,Office Market Snapshot,$30–$55/SF/YR,flat,Typical office asking rent,Balanced supply,flat,Options vary by building quality and submarket,Stabilizing market,flat,"Tenants should compare location, cost, and flexibility",Downtown Desert Hot Springs|Business district|Main commercial corridors,Common tenant search areas,"Desert Hot Springs tenants can use this draft snapshot to compare office options by location, building quality, access, and lease flexibility across the market.","Office rents should be reviewed by building class, location, size, and lease structure before publication.",Availability should be verified against current local market conditions because options can vary meaningfully by building and submarket.,"Tenants should compare total occupancy cost, commute patterns, building quality, and flexibility before choosing a location."
CA,diamond-bar,Office Market Snapshot,$20–$40/SF/YR,flat,Typical office asking rent,Balanced,flat,Local options should be verified before a search,Stable local demand,flat,Practical fit matters more than headline market trends,Valley Vista Dr,Common tenant search areas,"Diamond Bar tenants should verify current office options by location, building condition, and lease flexibility.",Office rent ranges should be confirmed before publication.,Current availability should be verified before making search decisions.,"Tenants should confirm pricing, availability, and location fit before moving forward."
CA,downey,Office Market Snapshot,$25–$45/SF/YR,flat,Typical office asking rent,Moderate,flat,Tenant options vary by building and location,Balanced,flat,Location fit and deal structure matter,Downtown Downey|Main commercial corridors,Common tenant search areas,"Downey tenants should compare office options by location, building condition, access, and room for flexibility.","Office rents should be checked by building class, location, and lease structure.","Availability can vary by building and local submarket, so current options should be verified.",Tenants should compare several local options before committing to a location.
CA,duarte,Office Market Snapshot,$20–$40/SF/YR,flat,Typical office asking rent,Balanced,flat,Local options should be verified before a search,Stable local demand,flat,Practical fit matters more than headline market trends,Downtown Duarte|Main commercial corridors,Common tenant search areas,"Duarte tenants should verify current office options by location, building condition, and lease flexibility.",Office rent ranges should be confirmed before publication.,Current availability should be verified before making search decisions.,"Tenants should confirm pricing, availability, and location fit before moving forward."
CA,dublin,Office Market Snapshot,$30–$55/SF/YR,flat,Typical office asking rent,Balanced supply,flat,Options vary by building quality and submarket,Stabilizing market,flat,"Tenants should compare location, cost, and flexibility",Dublin Blvd|6767-6787 Dublin Blvd|Amador Plaza Rd|Way & Hacienda Dr,Common tenant search areas,"Dublin tenants can use this draft snapshot to compare office options by location, building quality, access, and lease flexibility across the market.","Office rents should be reviewed by building class, location, size, and lease structure before publication.",Availability should be verified against current local market conditions because options can vary meaningfully by building and submarket.,"Tenants should compare total occupancy cost, commute patterns, building quality, and flexibility before choosing a location."
CA,el-cajon,Office Market Snapshot,$30–$55/SF/YR,flat,Typical office asking rent,Balanced supply,flat,Options vary by building quality and submarket,Stabilizing market,flat,"Tenants should compare location, cost, and flexibility",Downtown El Cajon|Business district|Main commercial corridors,Common tenant search areas,"El Cajon tenants can use this draft snapshot to compare office options by location, building quality, access, and lease flexibility across the market.","Office rents should be reviewed by building class, location, size, and lease structure before publication.",Availability should be verified against current local market conditions because options can vary meaningfully by building and submarket.,"Tenants should compare total occupancy cost, commute patterns, building quality, and flexibility before choosing a location."
CA,el-cerrito,Office Market Snapshot,$30–$55/SF/YR,flat,Typical office asking rent,Balanced supply,flat,Options vary by building quality and submarket,Stabilizing market,flat,"Tenants should compare location, cost, and flexibility",Ave & Fairmount Ave,Common tenant search areas,"El Cerrito tenants can use this draft snapshot to compare office options by location, building quality, access, and lease flexibility across the market.","Office rents should be reviewed by building class, location, size, and lease structure before publication.",Availability should be verified against current local market conditions because options can vary meaningfully by building and submarket.,"Tenants should compare total occupancy cost, commute patterns, building quality, and flexibility before choosing a location."
CA,el-dorado-hills,Office Market Snapshot,$20–$40/SF/YR,flat,Typical office asking rent,Balanced,flat,Local options should be verified before a search,Stable local demand,flat,Practical fit matters more than headline market trends,Robert J Mathews Pkwy|Golden Foothill Pkwy,Common tenant search areas,"El Dorado Hills tenants should verify current office options by location, building condition, and lease flexibility.",Office rent ranges should be confirmed before publication.,Current availability should be verified before making search decisions.,"Tenants should confirm pricing, availability, and location fit before moving forward."
CA,el-segundo,Office Market Snapshot,$20–$40/SF/YR,flat,Typical office asking rent,Balanced,flat,Local options should be verified before a search,Stable local demand,flat,Practical fit matters more than headline market trends,Continental Blvd|Pacific Coast Highway,Common tenant search areas,"El Segundo tenants should verify current office options by location, building condition, and lease flexibility.",Office rent ranges should be confirmed before publication.,Current availability should be verified before making search decisions.,"Tenants should confirm pricing, availability, and location fit before moving forward."
CA,elk-grove,Office Market Snapshot,$25–$45/SF/YR,flat,Typical office asking rent,Moderate,flat,Tenant options vary by building and location,Balanced,flat,Location fit and deal structure matter,Elk Grove Blvd|Laguna Springs Dr|Iron Rock Way,Common tenant search areas,"Elk Grove tenants should compare office options by location, building condition, access, and room for flexibility.","Office rents should be checked by building class, location, and lease structure.","Availability can vary by building and local submarket, so current options should be verified.",Tenants should compare several local options before committing to a location.
CA,emeryville,Office Market Snapshot,$20–$40/SF/YR,flat,Typical office asking rent,Balanced,flat,Local options should be verified before a search,Stable local demand,flat,Practical fit matters more than headline market trends,Powell St,Common tenant search areas,"Emeryville tenants should verify current office options by location, building condition, and lease flexibility.",Office rent ranges should be confirmed before publication.,Current availability should be verified before making search decisions.,"Tenants should confirm pricing, availability, and location fit before moving forward."
CA,encinitas,Office Market Snapshot,$20–$40/SF/YR,flat,Typical office asking rent,Balanced,flat,Local options should be verified before a search,Stable local demand,flat,Practical fit matters more than headline market trends,Encinitas Blvd,Common tenant search areas,"Encinitas tenants should verify current office options by location, building condition, and lease flexibility.",Office rent ranges should be confirmed before publication.,Current availability should be verified before making search decisions.,"Tenants should confirm pricing, availability, and location fit before moving forward."
CA,encino,Office Market Snapshot,$20–$40/SF/YR,flat,Typical office asking rent,Balanced,flat,Local options should be verified before a search,Stable local demand,flat,Practical fit matters more than headline market trends,Ventura Blvd,Common tenant search areas,"Encino tenants should verify current office options by location, building condition, and lease flexibility.",Office rent ranges should be confirmed before publication.,Current availability should be verified before making search decisions.,"Tenants should confirm pricing, availability, and location fit before moving forward."
CA,escalon,Office Market Snapshot,$20–$40/SF/YR,flat,Typical office asking rent,Balanced,flat,Local options should be verified before a search,Stable local demand,flat,Practical fit matters more than headline market trends,Downtown Escalon|Main commercial corridors,Common tenant search areas,"Escalon tenants should verify current office options by location, building condition, and lease flexibility.",Office rent ranges should be confirmed before publication.,Current availability should be verified before making search decisions.,"Tenants should confirm pricing, availability, and location fit before moving forward."
CA,escondido,Office Market Snapshot,$25–$45/SF/YR,flat,Typical office asking rent,Moderate,flat,Tenant options vary by building and location,Balanced,flat,Location fit and deal structure matter,Canterbury Pl|La Terraza Blvd|W 4th Ave,Common tenant search areas,"Escondido tenants should compare office options by location, building condition, access, and room for flexibility.","Office rents should be checked by building class, location, and lease structure.","Availability can vary by building and local submarket, so current options should be verified.",Tenants should compare several local options before committing to a location.
CA,fairfield,Office Market Snapshot,$30–$55/SF/YR,flat,Typical office asking rent,Balanced supply,flat,Options vary by building quality and submarket,Stabilizing market,flat,"Tenants should compare location, cost, and flexibility",Central Way|Chadbourne Rd|N Texas St|Cement Hill Rd,Common tenant search areas,"Fairfield tenants can use this draft snapshot to compare office options by location, building quality, access, and lease flexibility across the market.","Office rents should be reviewed by building class, location, size, and lease structure before publication.",Availability should be verified against current local market conditions because options can vary meaningfully by building and submarket.,"Tenants should compare total occupancy cost, commute patterns, building quality, and flexibility before choosing a location."
CA,folsom,Office Market Snapshot,$20–$40/SF/YR,flat,Typical office asking rent,Balanced,flat,Local options should be verified before a search,Stable local demand,flat,Practical fit matters more than headline market trends,Blue Ravine Rd|Coolidge Dr,Common tenant search areas,"Folsom tenants should verify current office options by location, building condition, and lease flexibility.",Office rent ranges should be confirmed before publication.,Current availability should be verified before making search decisions.,"Tenants should confirm pricing, availability, and location fit before moving forward."
CA,fontana,Office Market Snapshot,$30–$55/SF/YR,flat,Typical office asking rent,Balanced supply,flat,Options vary by building quality and submarket,Stabilizing market,flat,"Tenants should compare location, cost, and flexibility",Business Dr|Cherry Ave|Mango Ave|Rose Ave,Common tenant search areas,"Fontana tenants can use this draft snapshot to compare office options by location, building quality, access, and lease flexibility across the market.","Office rents should be reviewed by building class, location, size, and lease structure before publication.",Availability should be verified against current local market conditions because options can vary meaningfully by building and submarket.,"Tenants should compare total occupancy cost, commute patterns, building quality, and flexibility before choosing a location."
CA,foster-city,Office Market Snapshot,$20–$40/SF/YR,flat,Typical office asking rent,Balanced,flat,Local options should be verified before a search,Stable local demand,flat,Practical fit matters more than headline market trends,E Hillsdale Blvd,Common tenant search areas,"Foster City tenants should verify current office options by location, building condition, and lease flexibility.",Office rent ranges should be confirmed before publication.,Current availability should be verified before making search decisions.,"Tenants should confirm pricing, availability, and location fit before moving forward."
CA,fountain-valley,Office Market Snapshot,$20–$40/SF/YR,flat,Typical office asking rent,Balanced,flat,Local options should be verified before a search,Stable local demand,flat,Practical fit matters more than headline market trends,Downtown Fountain Valley|Main commercial corridors,Common tenant search areas,"Fountain Valley tenants should verify current office options by location, building condition, and lease flexibility.",Office rent ranges should be confirmed before publication.,Current availability should be verified before making search decisions.,"Tenants should confirm pricing, availability, and location fit before moving forward."
CA,fremont,Office Market Snapshot,$30–$55/SF/YR,flat,Typical office asking rent,Balanced supply,flat,Options vary by building quality and submarket,Stabilizing market,flat,"Tenants should compare location, cost, and flexibility",45101-45169 Industrial Dr|6036-6038 Stevenson Blvd|Albrae St|Fourier Ave,Common tenant search areas,"Fremont tenants can use this draft snapshot to compare office options by location, building quality, access, and lease flexibility across the market.","Office rents should be reviewed by building class, location, size, and lease structure before publication.",Availability should be verified against current local market conditions because options can vary meaningfully by building and submarket.,"Tenants should compare total occupancy cost, commute patterns, building quality, and flexibility before choosing a location."
CA,fullerton,Office Market Snapshot,$30–$55/SF/YR,flat,Typical office asking rent,Balanced supply,flat,Options vary by building quality and submarket,Stabilizing market,flat,"Tenants should compare location, cost, and flexibility",Downtown Fullerton|Business district|Main commercial corridors,Common tenant search areas,"Fullerton tenants can use this draft snapshot to compare office options by location, building quality, access, and lease flexibility across the market.","Office rents should be reviewed by building class, location, size, and lease structure before publication.",Availability should be verified against current local market conditions because options can vary meaningfully by building and submarket.,"Tenants should compare total occupancy cost, commute patterns, building quality, and flexibility before choosing a location."
CA,garden-grove,Office Market Snapshot,$30–$55/SF/YR,flat,Typical office asking rent,Balanced supply,flat,Options vary by building quality and submarket,Stabilizing market,flat,"Tenants should compare location, cost, and flexibility",12361-12465 Lewis St|Katella Ave,Common tenant search areas,"Garden Grove tenants can use this draft snapshot to compare office options by location, building quality, access, and lease flexibility across the market.","Office rents should be reviewed by building class, location, size, and lease structure before publication.",Availability should be verified against current local market conditions because options can vary meaningfully by building and submarket.,"Tenants should compare total occupancy cost, commute patterns, building quality, and flexibility before choosing a location."
CA,gardena,Office Market Snapshot,$20–$40/SF/YR,flat,Typical office asking rent,Balanced,flat,Local options should be verified before a search,Stable local demand,flat,Practical fit matters more than headline market trends,Cimarron Ave|Harvard Pl,Common tenant search areas,"Gardena tenants should verify current office options by location, building condition, and lease flexibility.",Office rent ranges should be confirmed before publication.,Current availability should be verified before making search decisions.,"Tenants should confirm pricing, availability, and location fit before moving forward."
CA,gilroy,Office Market Snapshot,$25–$45/SF/YR,flat,Typical office asking rent,Moderate,flat,Tenant options vary by building and location,Balanced,flat,Location fit and deal structure matter,San Ysidro Ave|Pacheco Pass Hwy,Common tenant search areas,"Gilroy tenants should compare office options by location, building condition, access, and room for flexibility.","Office rents should be checked by building class, location, and lease structure.","Availability can vary by building and local submarket, so current options should be verified.",Tenants should compare several local options before committing to a location.
CA,glendale,Office Market Snapshot,$25–$45/SF/YR,flat,Typical office asking rent,Moderate,flat,Tenant options vary by building and location,Balanced,flat,Location fit and deal structure matter,N Brand Blvd|N Central Ave,Common tenant search areas,"Glendale tenants should compare office options by location, building condition, access, and room for flexibility.","Office rents should be checked by building class, location, and lease structure.","Availability can vary by building and local submarket, so current options should be verified.",Tenants should compare several local options before committing to a location.
CA,grass-valley,Office Market Snapshot,$30–$55/SF/YR,flat,Typical office asking rent,Balanced supply,flat,Options vary by building quality and submarket,Stabilizing market,flat,"Tenants should compare location, cost, and flexibility",Downtown Grass Valley|Business district|Main commercial corridors,Common tenant search areas,"Grass Valley tenants can use this draft snapshot to compare office options by location, building quality, access, and lease flexibility across the market.","Office rents should be reviewed by building class, location, size, and lease structure before publication.",Availability should be verified against current local market conditions because options can vary meaningfully by building and submarket.,"Tenants should compare total occupancy cost, commute patterns, building quality, and flexibility before choosing a location."
CA,hanford,Office Market Snapshot,$30–$55/SF/YR,flat,Typical office asking rent,Balanced supply,flat,Options vary by building quality and submarket,Stabilizing market,flat,"Tenants should compare location, cost, and flexibility",Downtown Hanford|Business district|Main commercial corridors,Common tenant search areas,"Hanford tenants can use this draft snapshot to compare office options by location, building quality, access, and lease flexibility across the market.","Office rents should be reviewed by building class, location, size, and lease structure before publication.",Availability should be verified against current local market conditions because options can vary meaningfully by building and submarket.,"Tenants should compare total occupancy cost, commute patterns, building quality, and flexibility before choosing a location."
CA,hayward,Office Market Snapshot,$30–$55/SF/YR,flat,Typical office asking rent,Balanced supply,flat,Options vary by building quality and submarket,Stabilizing market,flat,"Tenants should compare location, cost, and flexibility",Mission Blvd|24011-24123 Hesperian Blvd|26905-26953 Mission Blvd|Bay Center Pl,Common tenant search areas,"Hayward tenants can use this draft snapshot to compare office options by location, building quality, access, and lease flexibility across the market.","Office rents should be reviewed by building class, location, size, and lease structure before publication.",Availability should be verified against current local market conditions because options can vary meaningfully by building and submarket.,"Tenants should compare total occupancy cost, commute patterns, building quality, and flexibility before choosing a location."
CA,hemet,Office Market Snapshot,$30–$55/SF/YR,flat,Typical office asking rent,Balanced supply,flat,Options vary by building quality and submarket,Stabilizing market,flat,"Tenants should compare location, cost, and flexibility",Downtown Hemet|Business district|Main commercial corridors,Common tenant search areas,"Hemet tenants can use this draft snapshot to compare office options by location, building quality, access, and lease flexibility across the market.","Office rents should be reviewed by building class, location, size, and lease structure before publication.",Availability should be verified against current local market conditions because options can vary meaningfully by building and submarket.,"Tenants should compare total occupancy cost, commute patterns, building quality, and flexibility before choosing a location."
CA,hercules,Office Market Snapshot,$20–$40/SF/YR,flat,Typical office asking rent,Balanced,flat,Local options should be verified before a search,Stable local demand,flat,Practical fit matters more than headline market trends,Downtown Hercules|Main commercial corridors,Common tenant search areas,"Hercules tenants should verify current office options by location, building condition, and lease flexibility.",Office rent ranges should be confirmed before publication.,Current availability should be verified before making search decisions.,"Tenants should confirm pricing, availability, and location fit before moving forward."
CA,hermosa-beach,Office Market Snapshot,$20–$40/SF/YR,flat,Typical office asking rent,Balanced,flat,Local options should be verified before a search,Stable local demand,flat,Practical fit matters more than headline market trends,Pacific Coast Hwy,Common tenant search areas,"Hermosa Beach tenants should verify current office options by location, building condition, and lease flexibility.",Office rent ranges should be confirmed before publication.,Current availability should be verified before making search decisions.,"Tenants should confirm pricing, availability, and location fit before moving forward."
CA,hesperia,Office Market Snapshot,$30–$55/SF/YR,flat,Typical office asking rent,Balanced supply,flat,Options vary by building quality and submarket,Stabilizing market,flat,"Tenants should compare location, cost, and flexibility",Alder St,Common tenant search areas,"Hesperia tenants can use this draft snapshot to compare office options by location, building quality, access, and lease flexibility across the market.","Office rents should be reviewed by building class, location, size, and lease structure before publication.",Availability should be verified against current local market conditions because options can vary meaningfully by building and submarket.,"Tenants should compare total occupancy cost, commute patterns, building quality, and flexibility before choosing a location."
CA,huntington-beach,Office Market Snapshot,$30–$55/SF/YR,flat,Typical office asking rent,Balanced supply,flat,Options vary by building quality and submarket,Stabilizing market,flat,"Tenants should compare location, cost, and flexibility",Downtown Huntington Beach|Business district|Main commercial corridors,Common tenant search areas,"Huntington Beach tenants can use this draft snapshot to compare office options by location, building quality, access, and lease flexibility across the market.","Office rents should be reviewed by building class, location, size, and lease structure before publication.",Availability should be verified against current local market conditions because options can vary meaningfully by building and submarket.,"Tenants should compare total occupancy cost, commute patterns, building quality, and flexibility before choosing a location."
CA,indio,Office Market Snapshot,$30–$55/SF/YR,flat,Typical office asking rent,Balanced supply,flat,Options vary by building quality and submarket,Stabilizing market,flat,"Tenants should compare location, cost, and flexibility",Downtown Indio|Business district|Main commercial corridors,Common tenant search areas,"Indio tenants can use this draft snapshot to compare office options by location, building quality, access, and lease flexibility across the market.","Office rents should be reviewed by building class, location, size, and lease structure before publication.",Availability should be verified against current local market conditions because options can vary meaningfully by building and submarket.,"Tenants should compare total occupancy cost, commute patterns, building quality, and flexibility before choosing a location."
CA,industry,Office Market Snapshot,$30–$55/SF/YR,flat,Typical office asking rent,Balanced supply,flat,Options vary by building quality and submarket,Stabilizing market,flat,"Tenants should compare location, cost, and flexibility",Downtown Industry|Business district|Main commercial corridors,Common tenant search areas,"Industry tenants can use this draft snapshot to compare office options by location, building quality, access, and lease flexibility across the market.","Office rents should be reviewed by building class, location, size, and lease structure before publication.",Availability should be verified against current local market conditions because options can vary meaningfully by building and submarket.,"Tenants should compare total occupancy cost, commute patterns, building quality, and flexibility before choosing a location."
CA,inglewood,Office Market Snapshot,$30–$55/SF/YR,flat,Typical office asking rent,Balanced supply,flat,Options vary by building quality and submarket,Stabilizing market,flat,"Tenants should compare location, cost, and flexibility",Downtown Inglewood|Business district|Main commercial corridors,Common tenant search areas,"Inglewood tenants can use this draft snapshot to compare office options by location, building quality, access, and lease flexibility across the market.","Office rents should be reviewed by building class, location, size, and lease structure before publication.",Availability should be verified against current local market conditions because options can vary meaningfully by building and submarket.,"Tenants should compare total occupancy cost, commute patterns, building quality, and flexibility before choosing a location."
CA,irwindale,Office Market Snapshot,$20–$40/SF/YR,flat,Typical office asking rent,Balanced,flat,Local options should be verified before a search,Stable local demand,flat,Practical fit matters more than headline market trends,Downtown Irwindale|Main commercial corridors,Common tenant search areas,"Irwindale tenants should verify current office options by location, building condition, and lease flexibility.",Office rent ranges should be confirmed before publication.,Current availability should be verified before making search decisions.,"Tenants should confirm pricing, availability, and location fit before moving forward."
CA,joshua-tree,Office Market Snapshot,$30–$55/SF/YR,flat,Typical office asking rent,Balanced supply,flat,Options vary by building quality and submarket,Stabilizing market,flat,"Tenants should compare location, cost, and flexibility",Downtown Joshua Tree|Business district|Main commercial corridors,Common tenant search areas,"Joshua Tree tenants can use this draft snapshot to compare office options by location, building quality, access, and lease flexibility across the market.","Office rents should be reviewed by building class, location, size, and lease structure before publication.",Availability should be verified against current local market conditions because options can vary meaningfully by building and submarket.,"Tenants should compare total occupancy cost, commute patterns, building quality, and flexibility before choosing a location."
CA,la-habra,Office Market Snapshot,$30–$55/SF/YR,flat,Typical office asking rent,Balanced supply,flat,Options vary by building quality and submarket,Stabilizing market,flat,"Tenants should compare location, cost, and flexibility",Downtown La Habra|Business district|Main commercial corridors,Common tenant search areas,"La Habra tenants can use this draft snapshot to compare office options by location, building quality, access, and lease flexibility across the market.","Office rents should be reviewed by building class, location, size, and lease structure before publication.",Availability should be verified against current local market conditions because options can vary meaningfully by building and submarket.,"Tenants should compare total occupancy cost, commute patterns, building quality, and flexibility before choosing a location."
CA,la-jolla,Office Market Snapshot,$20–$40/SF/YR,flat,Typical office asking rent,Balanced,flat,Local options should be verified before a search,Stable local demand,flat,Practical fit matters more than headline market trends,Prospect St,Common tenant search areas,"La Jolla tenants should verify current office options by location, building condition, and lease flexibility.",Office rent ranges should be confirmed before publication.,Current availability should be verified before making search decisions.,"Tenants should confirm pricing, availability, and location fit before moving forward."
CA,la-mesa,Office Market Snapshot,$20–$40/SF/YR,flat,Typical office asking rent,Balanced,flat,Local options should be verified before a search,Stable local demand,flat,Practical fit matters more than headline market trends,El Cajon Blvd|University Ave,Common tenant search areas,"La Mesa tenants should verify current office options by location, building condition, and lease flexibility.",Office rent ranges should be confirmed before publication.,Current availability should be verified before making search decisions.,"Tenants should confirm pricing, availability, and location fit before moving forward."
CA,la-palma,Office Market Snapshot,$20–$40/SF/YR,flat,Typical office asking rent,Balanced,flat,Local options should be verified before a search,Stable local demand,flat,Practical fit matters more than headline market trends,Centerpointe Dr,Common tenant search areas,"La Palma tenants should verify current office options by location, building condition, and lease flexibility.",Office rent ranges should be confirmed before publication.,Current availability should be verified before making search decisions.,"Tenants should confirm pricing, availability, and location fit before moving forward."
CA,la-quinta,Office Market Snapshot,$30–$55/SF/YR,flat,Typical office asking rent,Balanced supply,flat,Options vary by building quality and submarket,Stabilizing market,flat,"Tenants should compare location, cost, and flexibility",Downtown La Quinta|Business district|Main commercial corridors,Common tenant search areas,"La Quinta tenants can use this draft snapshot to compare office options by location, building quality, access, and lease flexibility across the market.","Office rents should be reviewed by building class, location, size, and lease structure before publication.",Availability should be verified against current local market conditions because options can vary meaningfully by building and submarket.,"Tenants should compare total occupancy cost, commute patterns, building quality, and flexibility before choosing a location."
CA,la-verne,Office Market Snapshot,$20–$40/SF/YR,flat,Typical office asking rent,Balanced,flat,Local options should be verified before a search,Stable local demand,flat,Practical fit matters more than headline market trends,Downtown La Verne|Main commercial corridors,Common tenant search areas,"La Verne tenants should verify current office options by location, building condition, and lease flexibility.",Office rent ranges should be confirmed before publication.,Current availability should be verified before making search decisions.,"Tenants should confirm pricing, availability, and location fit before moving forward."
CA,lafayette,Office Market Snapshot,$20–$40/SF/YR,flat,Typical office asking rent,Balanced,flat,Local options should be verified before a search,Stable local demand,flat,Practical fit matters more than headline market trends,Downtown Lafayette|Main commercial corridors,Common tenant search areas,"Lafayette tenants should verify current office options by location, building condition, and lease flexibility.",Office rent ranges should be confirmed before publication.,Current availability should be verified before making search decisions.,"Tenants should confirm pricing, availability, and location fit before moving forward."
CA,laguna-beach,Office Market Snapshot,$20–$40/SF/YR,flat,Typical office asking rent,Balanced,flat,Local options should be verified before a search,Stable local demand,flat,Practical fit matters more than headline market trends,Downtown Laguna Beach|Main commercial corridors,Common tenant search areas,"Laguna Beach tenants should verify current office options by location, building condition, and lease flexibility.",Office rent ranges should be confirmed before publication.,Current availability should be verified before making search decisions.,"Tenants should confirm pricing, availability, and location fit before moving forward."
CA,laguna-hills,Office Market Snapshot,$20–$40/SF/YR,flat,Typical office asking rent,Balanced,flat,Local options should be verified before a search,Stable local demand,flat,Practical fit matters more than headline market trends,Commerce Center Dr|Del Lago Dr,Common tenant search areas,"Laguna Hills tenants should verify current office options by location, building condition, and lease flexibility.",Office rent ranges should be confirmed before publication.,Current availability should be verified before making search decisions.,"Tenants should confirm pricing, availability, and location fit before moving forward."
CA,laguna-niguel,Office Market Snapshot,$20–$40/SF/YR,flat,Typical office asking rent,Balanced,flat,Local options should be verified before a search,Stable local demand,flat,Practical fit matters more than headline market trends,Downtown Laguna Niguel|Main commercial corridors,Common tenant search areas,"Laguna Niguel tenants should verify current office options by location, building condition, and lease flexibility.",Office rent ranges should be confirmed before publication.,Current availability should be verified before making search decisions.,"Tenants should confirm pricing, availability, and location fit before moving forward."
CA,laguna-woods,Office Market Snapshot,$20–$40/SF/YR,flat,Typical office asking rent,Balanced,flat,Local options should be verified before a search,Stable local demand,flat,Practical fit matters more than headline market trends,Moulton Pkwy,Common tenant search areas,"Laguna Woods tenants should verify current office options by location, building condition, and lease flexibility.",Office rent ranges should be confirmed before publication.,Current availability should be verified before making search decisions.,"Tenants should confirm pricing, availability, and location fit before moving forward."
CA,lake-elsinore,Office Market Snapshot,$30–$55/SF/YR,flat,Typical office asking rent,Balanced supply,flat,Options vary by building quality and submarket,Stabilizing market,flat,"Tenants should compare location, cost, and flexibility",Downtown Lake Elsinore|Business district|Main commercial corridors,Common tenant search areas,"Lake Elsinore tenants can use this draft snapshot to compare office options by location, building quality, access, and lease flexibility across the market.","Office rents should be reviewed by building class, location, size, and lease structure before publication.",Availability should be verified against current local market conditions because options can vary meaningfully by building and submarket.,"Tenants should compare total occupancy cost, commute patterns, building quality, and flexibility before choosing a location."
CA,lake-forest,Office Market Snapshot,$30–$55/SF/YR,flat,Typical office asking rent,Balanced supply,flat,Options vary by building quality and submarket,Stabilizing market,flat,"Tenants should compare location, cost, and flexibility",Lambert St,Common tenant search areas,"Lake Forest tenants can use this draft snapshot to compare office options by location, building quality, access, and lease flexibility across the market.","Office rents should be reviewed by building class, location, size, and lease structure before publication.",Availability should be verified against current local market conditions because options can vary meaningfully by building and submarket.,"Tenants should compare total occupancy cost, commute patterns, building quality, and flexibility before choosing a location."
CA,lancaster,Office Market Snapshot,$30–$55/SF/YR,flat,Typical office asking rent,Balanced supply,flat,Options vary by building quality and submarket,Stabilizing market,flat,"Tenants should compare location, cost, and flexibility",10th St W|44204-44276 10th Street West,Common tenant search areas,"Lancaster tenants can use this draft snapshot to compare office options by location, building quality, access, and lease flexibility across the market.","Office rents should be reviewed by building class, location, size, and lease structure before publication.",Availability should be verified against current local market conditions because options can vary meaningfully by building and submarket.,"Tenants should compare total occupancy cost, commute patterns, building quality, and flexibility before choosing a location."
CA,larkspur,Office Market Snapshot,$20–$40/SF/YR,flat,Typical office asking rent,Balanced,flat,Local options should be verified before a search,Stable local demand,flat,Practical fit matters more than headline market trends,Downtown Larkspur|Main commercial corridors,Common tenant search areas,"Larkspur tenants should verify current office options by location, building condition, and lease flexibility.",Office rent ranges should be confirmed before publication.,Current availability should be verified before making search decisions.,"Tenants should confirm pricing, availability, and location fit before moving forward."
CA,lemon-grove,Office Market Snapshot,$20–$40/SF/YR,flat,Typical office asking rent,Balanced,flat,Local options should be verified before a search,Stable local demand,flat,Practical fit matters more than headline market trends,Downtown Lemon Grove|Main commercial corridors,Common tenant search areas,"Lemon Grove tenants should verify current office options by location, building condition, and lease flexibility.",Office rent ranges should be confirmed before publication.,Current availability should be verified before making search decisions.,"Tenants should confirm pricing, availability, and location fit before moving forward."
CA,livermore,Office Market Snapshot,$30–$55/SF/YR,flat,Typical office asking rent,Balanced supply,flat,Options vary by building quality and submarket,Stabilizing market,flat,"Tenants should compare location, cost, and flexibility",Patterson Pass Rd|2474-2498 Kitty Hawk Rd|Armstrong St|Livermore Outlets Dr,Common tenant search areas,"Livermore tenants can use this draft snapshot to compare office options by location, building quality, access, and lease flexibility across the market.","Office rents should be reviewed by building class, location, size, and lease structure before publication.",Availability should be verified against current local market conditions because options can vary meaningfully by building and submarket.,"Tenants should compare total occupancy cost, commute patterns, building quality, and flexibility before choosing a location."
CA,long-beach,Office Market Snapshot,$32–$48/SF/YR,flat,Typical office asking rent,Moderate,flat,Options across downtown and port-adjacent areas,Balanced,flat,"Tenants compare access, cost, and customer reach",Downtown Long Beach|Bixby Knolls|Long Beach Airport Area|Signal Hill,Common tenant search areas,"Long Beach tenants often compare downtown, airport-area, and nearby South Bay options based on access, budget, and customer proximity.","Office rents can vary by building quality, parking, waterfront proximity, and access to regional transportation corridors.","Availability should be compared across downtown Long Beach, airport-area, and nearby business districts.","Tenants should compare commute patterns, parking, customer access, and building quality before choosing a location."
CA,los-alamitos,Office Market Snapshot,$20–$40/SF/YR,flat,Typical office asking rent,Balanced,flat,Local options should be verified before a search,Stable local demand,flat,Practical fit matters more than headline market trends,Downtown Los Alamitos|Main commercial corridors,Common tenant search areas,"Los Alamitos tenants should verify current office options by location, building condition, and lease flexibility.",Office rent ranges should be confirmed before publication.,Current availability should be verified before making search decisions.,"Tenants should confirm pricing, availability, and location fit before moving forward."
CA,los-altos,Office Market Snapshot,$20–$40/SF/YR,flat,Typical office asking rent,Balanced,flat,Local options should be verified before a search,Stable local demand,flat,Practical fit matters more than headline market trends,Main St|San Antonio Rd,Common tenant search areas,"Los Altos tenants should verify current office options by location, building condition, and lease flexibility.",Office rent ranges should be confirmed before publication.,Current availability should be verified before making search decisions.,"Tenants should confirm pricing, availability, and location fit before moving forward."
CA,los-gatos,Office Market Snapshot,$20–$40/SF/YR,flat,Typical office asking rent,Balanced,flat,Local options should be verified before a search,Stable local demand,flat,Practical fit matters more than headline market trends,Alberto Way|N Santa Cruz Ave,Common tenant search areas,"Los Gatos tenants should verify current office options by location, building condition, and lease flexibility.",Office rent ranges should be confirmed before publication.,Current availability should be verified before making search decisions.,"Tenants should confirm pricing, availability, and location fit before moving forward."
CA,lucerne-valley,Office Market Snapshot,$30–$55/SF/YR,flat,Typical office asking rent,Balanced supply,flat,Options vary by building quality and submarket,Stabilizing market,flat,"Tenants should compare location, cost, and flexibility",Downtown Lucerne Valley|Business district|Main commercial corridors,Common tenant search areas,"Lucerne Valley tenants can use this draft snapshot to compare office options by location, building quality, access, and lease flexibility across the market.","Office rents should be reviewed by building class, location, size, and lease structure before publication.",Availability should be verified against current local market conditions because options can vary meaningfully by building and submarket.,"Tenants should compare total occupancy cost, commute patterns, building quality, and flexibility before choosing a location."
CA,madera,Office Market Snapshot,$30–$55/SF/YR,flat,Typical office asking rent,Balanced supply,flat,Options vary by building quality and submarket,Stabilizing market,flat,"Tenants should compare location, cost, and flexibility",Downtown Madera|Business district|Main commercial corridors,Common tenant search areas,"Madera tenants can use this draft snapshot to compare office options by location, building quality, access, and lease flexibility across the market.","Office rents should be reviewed by building class, location, size, and lease structure before publication.",Availability should be verified against current local market conditions because options can vary meaningfully by building and submarket.,"Tenants should compare total occupancy cost, commute patterns, building quality, and flexibility before choosing a location."
CA,malibu,Office Market Snapshot,$20–$40/SF/YR,flat,Typical office asking rent,Balanced,flat,Local options should be verified before a search,Stable local demand,flat,Practical fit matters more than headline market trends,Downtown Malibu|Main commercial corridors,Common tenant search areas,"Malibu tenants should verify current office options by location, building condition, and lease flexibility.",Office rent ranges should be confirmed before publication.,Current availability should be verified before making search decisions.,"Tenants should confirm pricing, availability, and location fit before moving forward."
CA,manhattan-beach,Office Market Snapshot,$20–$40/SF/YR,flat,Typical office asking rent,Balanced,flat,Local options should be verified before a search,Stable local demand,flat,Practical fit matters more than headline market trends,Rosecrans Ave,Common tenant search areas,"Manhattan Beach tenants should verify current office options by location, building condition, and lease flexibility.",Office rent ranges should be confirmed before publication.,Current availability should be verified before making search decisions.,"Tenants should confirm pricing, availability, and location fit before moving forward."
CA,manteca,Office Market Snapshot,$20–$40/SF/YR,flat,Typical office asking rent,Balanced,flat,Local options should be verified before a search,Stable local demand,flat,Practical fit matters more than headline market trends,261-293 Spreckels Ave|N Garfield Ave,Common tenant search areas,"Manteca tenants should verify current office options by location, building condition, and lease flexibility.",Office rent ranges should be confirmed before publication.,Current availability should be verified before making search decisions.,"Tenants should confirm pricing, availability, and location fit before moving forward."
CA,martinez,Office Market Snapshot,$30–$55/SF/YR,flat,Typical office asking rent,Balanced supply,flat,Options vary by building quality and submarket,Stabilizing market,flat,"Tenants should compare location, cost, and flexibility",700-712 Main St,Common tenant search areas,"Martinez tenants can use this draft snapshot to compare office options by location, building quality, access, and lease flexibility across the market.","Office rents should be reviewed by building class, location, size, and lease structure before publication.",Availability should be verified against current local market conditions because options can vary meaningfully by building and submarket.,"Tenants should compare total occupancy cost, commute patterns, building quality, and flexibility before choosing a location."
CA,marysville,Office Market Snapshot,$30–$55/SF/YR,flat,Typical office asking rent,Balanced supply,flat,Options vary by building quality and submarket,Stabilizing market,flat,"Tenants should compare location, cost, and flexibility",Arboga Rd,Common tenant search areas,"Marysville tenants can use this draft snapshot to compare office options by location, building quality, access, and lease flexibility across the market.","Office rents should be reviewed by building class, location, size, and lease structure before publication.",Availability should be verified against current local market conditions because options can vary meaningfully by building and submarket.,"Tenants should compare total occupancy cost, commute patterns, building quality, and flexibility before choosing a location."
CA,menlo-park,Office Market Snapshot,$20–$40/SF/YR,flat,Typical office asking rent,Balanced,flat,Local options should be verified before a search,Stable local demand,flat,Practical fit matters more than headline market trends,Burgess Dr|Jefferson Dr,Common tenant search areas,"Menlo Park tenants should verify current office options by location, building condition, and lease flexibility.",Office rent ranges should be confirmed before publication.,Current availability should be verified before making search decisions.,"Tenants should confirm pricing, availability, and location fit before moving forward."
CA,mill-valley,Office Market Snapshot,$25–$45/SF/YR,flat,Typical office asking rent,Moderate,flat,Tenant options vary by building and location,Balanced,flat,Location fit and deal structure matter,E Blithedale Ave|Redwood Hwy|Miller Ave,Common tenant search areas,"Mill Valley tenants should compare office options by location, building condition, access, and room for flexibility.","Office rents should be checked by building class, location, and lease structure.","Availability can vary by building and local submarket, so current options should be verified.",Tenants should compare several local options before committing to a location.
CA,millbrae,Office Market Snapshot,$20–$40/SF/YR,flat,Typical office asking rent,Balanced,flat,Local options should be verified before a search,Stable local demand,flat,Practical fit matters more than headline market trends,Downtown Millbrae|Main commercial corridors,Common tenant search areas,"Millbrae tenants should verify current office options by location, building condition, and lease flexibility.",Office rent ranges should be confirmed before publication.,Current availability should be verified before making search decisions.,"Tenants should confirm pricing, availability, and location fit before moving forward."
CA,milpitas,Office Market Snapshot,$30–$55/SF/YR,flat,Typical office asking rent,Balanced supply,flat,Options vary by building quality and submarket,Stabilizing market,flat,"Tenants should compare location, cost, and flexibility",E Calaveras Blvd|Jacklin Rd,Common tenant search areas,"Milpitas tenants can use this draft snapshot to compare office options by location, building quality, access, and lease flexibility across the market.","Office rents should be reviewed by building class, location, size, and lease structure before publication.",Availability should be verified against current local market conditions because options can vary meaningfully by building and submarket.,"Tenants should compare total occupancy cost, commute patterns, building quality, and flexibility before choosing a location."
CA,mission-viejo,Office Market Snapshot,$30–$55/SF/YR,flat,Typical office asking rent,Balanced supply,flat,Options vary by building quality and submarket,Stabilizing market,flat,"Tenants should compare location, cost, and flexibility",Corporate Drive,Common tenant search areas,"Mission Viejo tenants can use this draft snapshot to compare office options by location, building quality, access, and lease flexibility across the market.","Office rents should be reviewed by building class, location, size, and lease structure before publication.",Availability should be verified against current local market conditions because options can vary meaningfully by building and submarket.,"Tenants should compare total occupancy cost, commute patterns, building quality, and flexibility before choosing a location."
CA,montclair,Office Market Snapshot,$20–$40/SF/YR,flat,Typical office asking rent,Balanced,flat,Local options should be verified before a search,Stable local demand,flat,Practical fit matters more than headline market trends,Downtown Montclair|Main commercial corridors,Common tenant search areas,"Montclair tenants should verify current office options by location, building condition, and lease flexibility.",Office rent ranges should be confirmed before publication.,Current availability should be verified before making search decisions.,"Tenants should confirm pricing, availability, and location fit before moving forward."
CA,montebello,Office Market Snapshot,$20–$40/SF/YR,flat,Typical office asking rent,Balanced,flat,Local options should be verified before a search,Stable local demand,flat,Practical fit matters more than headline market trends,Downtown Montebello|Main commercial corridors,Common tenant search areas,"Montebello tenants should verify current office options by location, building condition, and lease flexibility.",Office rent ranges should be confirmed before publication.,Current availability should be verified before making search decisions.,"Tenants should confirm pricing, availability, and location fit before moving forward."
CA,monterey-park,Office Market Snapshot,$20–$40/SF/YR,flat,Typical office asking rent,Balanced,flat,Local options should be verified before a search,Stable local demand,flat,Practical fit matters more than headline market trends,Downtown Monterey Park|Main commercial corridors,Common tenant search areas,"Monterey Park tenants should verify current office options by location, building condition, and lease flexibility.",Office rent ranges should be confirmed before publication.,Current availability should be verified before making search decisions.,"Tenants should confirm pricing, availability, and location fit before moving forward."
CA,moreno-valley,Office Market Snapshot,$30–$55/SF/YR,flat,Typical office asking rent,Balanced supply,flat,Options vary by building quality and submarket,Stabilizing market,flat,"Tenants should compare location, cost, and flexibility",23880-23962 Alessandro Blvd|Rebecca St.,Common tenant search areas,"Moreno Valley tenants can use this draft snapshot to compare office options by location, building quality, access, and lease flexibility across the market.","Office rents should be reviewed by building class, location, size, and lease structure before publication.",Availability should be verified against current local market conditions because options can vary meaningfully by building and submarket.,"Tenants should compare total occupancy cost, commute patterns, building quality, and flexibility before choosing a location."
CA,mountain-view,Office Market Snapshot,$20–$40/SF/YR,flat,Typical office asking rent,Balanced,flat,Local options should be verified before a search,Stable local demand,flat,Practical fit matters more than headline market trends,Castro St|140-144 Whisman Rd,Common tenant search areas,"Mountain View tenants should verify current office options by location, building condition, and lease flexibility.",Office rent ranges should be confirmed before publication.,Current availability should be verified before making search decisions.,"Tenants should confirm pricing, availability, and location fit before moving forward."
CA,murrieta,Office Market Snapshot,$30–$55/SF/YR,flat,Typical office asking rent,Balanced supply,flat,Options vary by building quality and submarket,Stabilizing market,flat,"Tenants should compare location, cost, and flexibility",Downtown Murrieta|Business district|Main commercial corridors,Common tenant search areas,"Murrieta tenants can use this draft snapshot to compare office options by location, building quality, access, and lease flexibility across the market.","Office rents should be reviewed by building class, location, size, and lease structure before publication.",Availability should be verified against current local market conditions because options can vary meaningfully by building and submarket.,"Tenants should compare total occupancy cost, commute patterns, building quality, and flexibility before choosing a location."
CA,napa,Office Market Snapshot,$20–$40/SF/YR,flat,Typical office asking rent,Balanced,flat,Local options should be verified before a search,Stable local demand,flat,Practical fit matters more than headline market trends,1455-1465 1st St|First Street,Common tenant search areas,"Napa tenants should verify current office options by location, building condition, and lease flexibility.",Office rent ranges should be confirmed before publication.,Current availability should be verified before making search decisions.,"Tenants should confirm pricing, availability, and location fit before moving forward."
CA,national-city,Office Market Snapshot,$20–$40/SF/YR,flat,Typical office asking rent,Balanced,flat,Local options should be verified before a search,Stable local demand,flat,Practical fit matters more than headline market trends,Downtown National City|Main commercial corridors,Common tenant search areas,"National City tenants should verify current office options by location, building condition, and lease flexibility.",Office rent ranges should be confirmed before publication.,Current availability should be verified before making search decisions.,"Tenants should confirm pricing, availability, and location fit before moving forward."
CA,nevada-city,Office Market Snapshot,$30–$55/SF/YR,flat,Typical office asking rent,Balanced supply,flat,Options vary by building quality and submarket,Stabilizing market,flat,"Tenants should compare location, cost, and flexibility",Downtown Nevada City|Business district|Main commercial corridors,Common tenant search areas,"Nevada City tenants can use this draft snapshot to compare office options by location, building quality, access, and lease flexibility across the market.","Office rents should be reviewed by building class, location, size, and lease structure before publication.",Availability should be verified against current local market conditions because options can vary meaningfully by building and submarket.,"Tenants should compare total occupancy cost, commute patterns, building quality, and flexibility before choosing a location."
CA,newark,Office Market Snapshot,$20–$40/SF/YR,flat,Typical office asking rent,Balanced,flat,Local options should be verified before a search,Stable local demand,flat,Practical fit matters more than headline market trends,Balentine Dr,Common tenant search areas,"Newark tenants should verify current office options by location, building condition, and lease flexibility.",Office rent ranges should be confirmed before publication.,Current availability should be verified before making search decisions.,"Tenants should confirm pricing, availability, and location fit before moving forward."
CA,newport-beach,Office Market Snapshot,$20–$40/SF/YR,flat,Typical office asking rent,Balanced,flat,Local options should be verified before a search,Stable local demand,flat,Practical fit matters more than headline market trends,Birch Street|Dove St,Common tenant search areas,"Newport Beach tenants should verify current office options by location, building condition, and lease flexibility.",Office rent ranges should be confirmed before publication.,Current availability should be verified before making search decisions.,"Tenants should confirm pricing, availability, and location fit before moving forward."
CA,north-hollywood,Office Market Snapshot,$20–$40/SF/YR,flat,Typical office asking rent,Balanced,flat,Local options should be verified before a search,Stable local demand,flat,Practical fit matters more than headline market trends,Lankershim Blvd,Common tenant search areas,"North Hollywood tenants should verify current office options by location, building condition, and lease flexibility.",Office rent ranges should be confirmed before publication.,Current availability should be verified before making search decisions.,"Tenants should confirm pricing, availability, and location fit before moving forward."
CA,novato,Office Market Snapshot,$20–$40/SF/YR,flat,Typical office asking rent,Balanced,flat,Local options should be verified before a search,Stable local demand,flat,Practical fit matters more than headline market trends,- 953 Front St|Leveroni Ct,Common tenant search areas,"Novato tenants should verify current office options by location, building condition, and lease flexibility.",Office rent ranges should be confirmed before publication.,Current availability should be verified before making search decisions.,"Tenants should confirm pricing, availability, and location fit before moving forward."
CA,oceanside,Office Market Snapshot,$30–$55/SF/YR,flat,Typical office asking rent,Balanced supply,flat,Options vary by building quality and submarket,Stabilizing market,flat,"Tenants should compare location, cost, and flexibility",Oceanside Blvd|S Coast Hwy|Apple St|Jones Rd,Common tenant search areas,"Oceanside tenants can use this draft snapshot to compare office options by location, building quality, access, and lease flexibility across the market.","Office rents should be reviewed by building class, location, size, and lease structure before publication.",Availability should be verified against current local market conditions because options can vary meaningfully by building and submarket.,"Tenants should compare total occupancy cost, commute patterns, building quality, and flexibility before choosing a location."
CA,ontario,Office Market Snapshot,$25–$45/SF/YR,flat,Typical office asking rent,Moderate,flat,Tenant options vary by building and location,Balanced,flat,Location fit and deal structure matter,E Guasti Rd|E Cedar Ave|Inland Empire Blvd,Common tenant search areas,"Ontario tenants should compare office options by location, building condition, access, and room for flexibility.","Office rents should be checked by building class, location, and lease structure.","Availability can vary by building and local submarket, so current options should be verified.",Tenants should compare several local options before committing to a location.
CA,orange,Office Market Snapshot,$25–$45/SF/YR,flat,Typical office asking rent,Moderate,flat,Tenant options vary by building and location,Balanced,flat,Location fit and deal structure matter,N American Way|City Blvd W|Town & Country Road,Common tenant search areas,"Orange tenants should compare office options by location, building condition, access, and room for flexibility.","Office rents should be checked by building class, location, and lease structure.","Availability can vary by building and local submarket, so current options should be verified.",Tenants should compare several local options before committing to a location.
CA,orinda,Office Market Snapshot,$20–$40/SF/YR,flat,Typical office asking rent,Balanced,flat,Local options should be verified before a search,Stable local demand,flat,Practical fit matters more than headline market trends,Downtown Orinda|Main commercial corridors,Common tenant search areas,"Orinda tenants should verify current office options by location, building condition, and lease flexibility.",Office rent ranges should be confirmed before publication.,Current availability should be verified before making search decisions.,"Tenants should confirm pricing, availability, and location fit before moving forward."
CA,oxnard,Office Market Snapshot,$25–$45/SF/YR,flat,Typical office asking rent,Moderate,flat,Tenant options vary by building and location,Balanced,flat,Location fit and deal structure matter,E Esplanade Dr|Meta St,Common tenant search areas,"Oxnard tenants should compare office options by location, building condition, access, and room for flexibility.","Office rents should be checked by building class, location, and lease structure.","Availability can vary by building and local submarket, so current options should be verified.",Tenants should compare several local options before committing to a location.
